R;S;G;IAM;P;MV;FMV;G;As;Am;Es;Au;Gs;RS;RP
P;JUVENTUS;AUDERO Emil;5;1;6;5;0;0;0;0;0;1;0;0
P;ATALANTA;BERISHA Etrit;5;26;6.25;5.21;0;0;2;0;0;26;0;0
P;PESCARA;BIZZARRI Benjamin;2;28;5.98;3.64;0;0;2;0;0;66;0;0
P;JUVENTUS;BUFFON Gianluigi;5;28;6.11;5.27;0;0;0;0;0;24;0;0
P;INTER;CARRIZO Juan Pablo;1;1;6;4;0;0;0;0;0;2;0;0
P;CAGLIARI;COLOMBO Roberto;5;1;6;6;0;0;0;0;0;0;0;0
P;SASSUOLO;CONSIGLI Andrea;3;37;6.28;5;0;0;1;0;0;56;0;3
P;CROTONE;CORDAZ Alex;3;35;6.31;4.94;0;0;2;1;0;52;0;2
P;BOLOGNA;DA COSTA;5;16;6.31;4.81;0;0;1;0;0;25;0;0
P;MILAN;DONNARUMMA Gianluigi;4;36;6.42;5.32;0;0;2;0;0;45;0;2
P;FIORENTINA;DRAGOWSKI Bartolomiej;5;1;6;4.67;0;0;0;0;0;2;0;0
P;CROTONE;FESTA Marco;5;2;7.25;5;0;0;1;0;0;4;0;0
P;PESCARA;FIORILLO Vincenzo;4;9;6.17;4.55;0;0;0;0;0;15;0;0
P;PALERMO;FULIGNATI Andrea;3;9;6.22;4.67;0;0;0;0;0;14;0;0
P;CAGLIARI;GABRIEL Vasconcelos Ferreira;2;3;5.17;3.25;0;0;1;0;0;7;0;0
P;ATALANTA;GOLLINI Pierluigi;4;4;6.12;5.75;0;0;1;0;0;1;0;0
P;INTER;HANDANOVIC Samir;4;35;6.36;5.07;0;0;4;0;1;47;0;1
P;TORINO;HART Joe;3;36;6.07;4.32;0;0;2;0;0;62;0;0
P;UDINESE;KARNEZIS Orestis;3;33;6.12;4.71;0;0;3;0;0;45;0;0
P;GENOA;LAMANNA Eugenio;3;21;5.88;4.43;0;0;0;0;0;37;0;2
P;FIORENTINA;LEZZERINI Luca;5;1;7;5.67;0;0;0;0;0;0;0;0
P;LAZIO;MARCHETTI Federico;4;17;6.24;5.29;0;0;0;0;0;22;0;2
P;BOLOGNA;MIRANTE Antonio;4;21;6.14;4.77;0;0;0;0;0;32;0;1
P;JUVENTUS;NETO Norberto;5;7;6.07;5.72;0;0;0;0;0;2;0;0
P;TORINO;PADELLI Daniele;3;2;5.75;3.75;0;0;0;0;0;4;0;0
P;SASSUOLO;PEGOLO Gianluca;1;1;5.5;0.5;0;0;0;0;0;5;0;0
P;EMPOLI;PELAGOTTI Alberto;2;3;5.83;4.17;0;0;0;0;0;5;0;0
P;GENOA;PERIN Mattia;4;14;6.14;4.97;0;0;1;1;0;19;0;1
P;PALERMO;POSAVEC Josip;3;29;5.83;3.64;0;0;1;0;0;63;0;0
P;SAMPDORIA;PUGGIONI Christian;3;21;6.07;4.48;0;0;3;0;0;35;0;1
P;NAPOLI;RAFAEL Cabral Barbosa;5;1;6;5;0;0;0;0;0;1;0;0
P;CAGLIARI;RAFAEL De Andrade;4;21;6.19;5.1;0;0;0;0;0;32;0;3
P;NAPOLI;REINA Jose’ Manuel Paez;4;37;6.05;5.09;0;0;1;0;0;38;0;1
P;GENOA;RUBINHO;1;2;5;1;0;0;0;0;0;8;0;0
P;UDINESE;SCUFFET Simone;4;6;6.08;4.25;0;0;0;0;0;11;0;0
P;CHIEVO;SECULIN Andrea;3;4;6.12;3.88;0;0;0;0;0;9;0;0
P;EMPOLI;SKORUPSKI Lukasz;3;34;6.24;4.91;0;0;2;0;1;56;0;4
P;CHIEVO;SORRENTINO Stefano;3;34;6.24;4.69;0;0;1;0;0;52;0;0
P;FIORENTINA;SPORTIELLO Marco;2;9;5.61;3.67;0;0;1;0;0;17;0;0
P;MILAN;STORARI Marco;2;15;5.9;3.4;0;0;1;1;0;36;0;0
P;LAZIO;STRAKOSHA Thomas;3;21;6.1;4.83;0;0;1;0;0;26;0;0
P;ROMA;SZCZESNY Wojciech;4;38;6.33;5.49;0;0;0;0;0;38;0;2
P;FIORENTINA;TATARUSANU Anton Ciprian;3;34;6.09;4.64;0;0;0;0;0;50;0;0
P;LAZIO;VARGIC Ivan;1;1;5.5;2.5;0;0;0;0;0;3;0;0
P;SAMPDORIA;VIVIANO Emiliano;4;17;6.32;5.18;0;0;5;0;0;20;0;1
D;MILAN;ABATE Ignazio;4;22;5.84;5.91;0;2;1;0;0;0;0;0
D;SASSUOLO;ACERBI Francesco;4;38;6.22;6.46;4;0;2;0;1;0;0;0
D;SASSUOLO;ADJAPONG Claud;2;6;5.75;6;1;0;3;0;0;0;0;0
D;UDINESE;ADNAN Ali Kadhim;2;14;5.39;5.32;0;0;2;0;0;0;0;0
D;TORINO;AJETI Arlind;2;4;5;5.25;1;0;0;0;1;0;0;0
D;NAPOLI;ALBIOL Tortajada Raul;5;26;6.15;6.04;0;1;8;0;0;0;0;0
D;PALERMO;ALEESAMI Haitam;3;31;5.85;5.92;1;2;6;0;0;0;0;0
D;JUVENTUS;ALEX SANDRO;5;27;6.19;6.45;3;3;5;0;1;0;0;0
D;FIORENTINA;ALONSO Mendoza Marcos;1;2;5.5;5.5;0;0;0;0;0;0;0;0
D;CAGLIARI;ALVES Bruno;3;36;5.82;5.81;1;0;5;1;0;0;0;0
D;JUVENTUS;ALVES Dani;4;15;6.07;6.34;2;1;5;0;0;0;0;0
D;PALERMO;ANDELKOVIC Sinisa;3;21;5.52;5.52;0;1;3;0;0;0;0;0
D;INTER;ANDREOLLI Marco;3;5;5.9;6.5;1;0;0;0;0;0;0;0
D;UDINESE;ANGELLA Gabriele;3;14;5.61;5.57;1;0;3;0;1;0;0;0
D;INTER;ANSALDI Cristian;2;21;5.69;5.5;0;1;8;1;0;0;0;0
D;SASSUOLO;ANTEI Luca;3;14;5.75;5.82;1;0;4;0;0;0;0;0
D;MILAN;ANTONELLI Luca;5;5;6.1;6.08;0;0;1;0;0;0;0;0
D;UDINESE;ARMERO Pablo;1;2;5.5;5.25;0;0;1;0;0;0;0;0
D;FIORENTINA;ASTORI Davide;3;32;5.97;5.96;2;0;11;1;0;0;0;0
D;TORINO;AVELAR Danilo;2;3;5.5;5.33;0;0;1;0;0;0;0;0
D;EMPOLI;BARBA Federico;3;11;5.68;5.55;0;0;3;0;0;0;0;0
D;TORINO;BARRECA Antonio;4;27;5.83;5.87;0;2;2;0;0;0;0;0
D;JUVENTUS;BARZAGLI Andrea;4;20;6.1;6.05;0;0;2;0;0;0;0;0
D;LAZIO;BASTA Dusan;3;27;5.85;6;1;2;2;0;0;0;0;0
D;ATALANTA;BASTONI Alessandro;3;2;6;6;0;0;0;0;0;0;0;0
D;LAZIO;BASTOS;2;10;5.6;5.3;0;0;4;1;0;0;0;0
D;GENOA;BEGHETTO Andrea;4;3;6;6;0;0;0;0;0;0;0;0
D;EMPOLI;BELLUSCI Giuseppe;2;33;5.67;5.53;1;0;15;0;0;0;0;0
D;JUVENTUS;BENATIA Medhi;5;15;6.17;6.25;1;0;3;0;0;0;0;0
D;SAMPDORIA;BERESZYNSKI Bartosz;3;12;5.5;5.54;0;1;1;0;0;0;0;0
D;PESCARA;BIRAGHI Cristiano;2;34;5.59;5.53;1;3;10;0;0;0;1;0
D;GENOA;BIRASCHI Davide;3;6;5.83;5.79;0;0;2;0;0;0;0;0
D;CAGLIARI;BITTANTE Luca;1;4;5.5;5.12;0;0;4;0;0;0;0;0
D;JUVENTUS;BONUCCI Leonardo;4;28;6.07;6.31;3;0;4;0;0;0;0;0
D;PESCARA;BOVO Cesare;3;13;5.85;5.64;0;0;6;0;0;0;0;0
D;GENOA;BURDISSO Nicolas Andres;3;34;5.78;5.64;0;0;10;0;0;0;0;0
D;CHIEVO;CACCIATORE Fabrizio;2;29;5.74;5.72;1;1;7;1;0;0;0;0
D;MILAN;CALABRIA Davide;3;11;5.82;5.79;0;1;3;0;0;0;0;0
D;ATALANTA;CALDARA Mattia;4;30;6.27;6.9;7;0;4;0;0;0;0;0
D;PESCARA;CAMPAGNARO Hugo;2;18;5.64;5.66;2;0;8;0;1;0;0;0
D;SASSUOLO;CANNAVARO Paolo;3;17;5.88;6;1;0;2;0;0;0;0;0
D;CAGLIARI;CAPUANO Marco;2;10;5.3;5.8;2;0;0;1;0;0;0;0
D;TORINO;CARLAO;2;4;5.25;5.12;0;0;1;0;0;0;0;0
D;TORINO;CASTAN Leandro;4;13;5.92;5.77;0;0;4;0;0;0;0;0
D;CROTONE;CECCHERINI Federico;3;34;5.9;5.86;1;0;9;0;0;0;0;0
D;CAGLIARI;CEPPITELLI Luca;2;19;5.42;5.18;0;0;5;0;1;0;0;0
D;CHIEVO;CESAR Bostjan;2;16;5.66;5.56;1;0;8;1;0;0;0;0
D;JUVENTUS;CHIELLINI Giorgio;4;20;6.12;6.36;2;1;4;0;0;0;0;0
D;NAPOLI;CHIRICHES Vlad;4;13;5.96;6.42;2;0;0;0;0;0;0;0
D;PALERMO;CIONEK Thiago;3;28;5.68;5.54;0;0;8;0;0;0;0;0
D;PESCARA;CODA Andrea;2;13;5.12;4.89;0;0;6;1;0;0;0;0
D;ATALANTA;CONTI Andrea;4;32;6.3;6.98;8;4;12;0;0;0;0;0
D;EMPOLI;COSIC Uros;2;13;5.58;5.54;0;0;1;0;0;0;0;0
D;EMPOLI;COSTA Andrea;3;25;5.72;5.76;2;0;6;0;1;0;0;0
D;CHIEVO;COSTA Filippo;1;1;5.5;5.5;0;0;0;0;0;0;0;0
D;PESCARA;CRESCENZI Alessandro;3;18;5.58;5.63;0;1;1;0;0;0;0;0
D;INTER;D’AMBROSIO Danilo;3;32;5.72;6;3;2;4;0;0;0;0;0
D;CHIEVO;DAINELLI Dario;3;26;5.96;5.73;0;0;8;0;1;0;0;0
D;UDINESE;DANILO Larangeira;3;36;5.76;5.78;2;0;9;1;0;0;0;0
D;FIORENTINA;DE MAIO Sebastian;2;5;5.2;5.36;0;0;1;0;0;0;0;0
D;MILAN;DE SCIGLIO Mattia;3;25;5.72;5.65;0;0;4;0;0;0;0;0
D;TORINO;DE SILVESTRI Lorenzo;3;16;5.69;5.97;1;2;1;0;0;0;0;0
D;LAZIO;DE VRIJ Stefan;4;27;5.98;6.22;2;2;3;0;0;0;0;0
D;SASSUOLO;DELL’ORCO Cristian;4;9;5.94;5.94;0;0;0;0;0;0;0;0
D;EMPOLI;DIMARCO Federico;2;9;5.44;5.5;0;1;2;0;0;0;0;0
D;SAMPDORIA;DODO’;1;7;5;5;0;0;0;0;0;0;0;0
D;CROTONE;DOS SANTOS Claiton;2;10;5.2;5.18;0;0;2;0;0;0;0;0
D;ATALANTA;DRAME’ Boukary;5;9;6.22;6.17;0;0;1;0;0;0;0;0
D;CROTONE;DUSSENNE Noe;2;8;5;4.94;0;0;1;1;0;0;0;0
D;GENOA;EDENILSON Andrade dos Santos;4;14;6;6.07;0;3;2;1;0;0;0;0
D;ROMA;EMERSON Palmieri Dos Santos;4;23;6.04;6.06;0;1;1;0;0;0;0;0
D;JUVENTUS;EVRA Patrice;5;5;6.1;6.08;0;0;0;0;0;0;0;0
D;UDINESE;FARAONI Davide;1;5;5.4;5.2;0;0;2;0;0;0;0;0
D;ROMA;FAZIO Federico;4;36;6.03;6.18;2;1;3;0;0;0;0;0
D;UDINESE;FELIPE;3;32;5.86;5.84;1;1;9;0;0;0;0;0
D;BOLOGNA;FERRARI Alex;5;1;4.5;5.25;0;0;0;0;0;0;0;0
D;CROTONE;FERRARI Gianmarco;3;36;5.83;6;3;1;8;0;0;0;0;0
D;GENOA;FIAMOZZI Riccardo;5;1;5.5;5.75;0;0;0;0;0;0;0;0
D;ROMA;FLORENZI Alessandro;4;9;6.17;6.44;0;4;3;0;0;0;0;0
D;PESCARA;FORNASIER Michele;3;20;5.6;5.52;0;0;4;0;0;0;0;0
D;CHIEVO;FREY Nicolas;3;15;5.63;5.57;0;0;2;0;0;0;0;0
D;CHIEVO;GAMBERINI Alessandro;3;20;5.98;6.1;1;0;1;0;0;0;0;0
D;BOLOGNA;GASTALDELLO Daniele;3;23;5.7;5.46;0;1;10;2;0;0;0;0
D;SASSUOLO;GAZZOLA Marcello;2;16;5.53;5.5;0;1;3;0;0;0;0;0
D;GENOA;GENTILETTI Santiago;3;15;5.47;5.47;0;1;1;1;0;0;0;0
D;NAPOLI;GHOULAM Faouzi;4;28;6.04;6.16;0;4;1;0;0;0;0;0
D;CHIEVO;GOBBI Massimo;3;30;5.85;5.93;1;2;5;0;0;0;0;0
D;PALERMO;GOLDANIGA Edoardo;2;28;5.46;5.38;2;0;11;1;1;0;0;0
D;MILAN;GOMEZ Gustavo;3;12;5.71;5.58;0;0;4;0;0;0;0;0
D;PALERMO;GONZALEZ Giancarlo;3;21;5.45;5.33;1;0;7;2;0;0;0;0
D;PESCARA;GYOMBER Norbert;2;9;5.33;5.25;0;0;3;0;0;0;0;0
D;ATALANTA;HATEBOER Hans;4;3;6.17;6.17;0;1;2;0;0;0;0;0
D;BOLOGNA;HELANDER Filip;3;11;5.82;5.96;1;0;3;0;0;0;0;0
D;UDINESE;HEURTAUX Thomas;3;8;5.81;5.61;0;0;3;0;0;0;0;0
D;LAZIO;HOEDT Wesley;4;23;5.87;5.93;2;0;5;0;1;0;0;0
D;NAPOLI;HYSAJ Elseid;3;35;5.91;5.74;0;0;8;0;1;0;0;0
D;CAGLIARI;ISLA Mauricio;3;34;5.68;5.76;1;5;10;0;0;0;0;0
D;GENOA;IZZO Armando;4;28;5.89;5.74;0;2;5;0;2;0;0;0
D;ROMA;JUAN Jesus;3;16;5.84;5.69;0;0;5;0;0;0;0;0
D;ATALANTA;KONKO Abdoulay;5;10;6.1;6;0;0;2;0;0;0;0;0
D;NAPOLI;KOULIBALY Kalidou;5;28;6.36;6.46;2;0;6;0;0;0;0;0
D;BOLOGNA;KRAFTH Emil;3;24;5.69;5.6;0;0;1;2;0;0;0;0
D;EMPOLI;LAURINI Vincent;3;24;5.77;5.69;0;0;2;1;0;0;0;0
D;SASSUOLO;LETSCHERT Timo;2;9;5.33;5.11;0;0;2;1;0;0;0;0
D;JUVENTUS;LICHTSTEINER Stephan;4;25;5.92;6.02;1;2;5;0;0;0;0;0
D;SASSUOLO;LIROLA Pol;3;21;5.74;5.81;0;3;3;0;0;0;0;0
D;LAZIO;LUKAKU Jordan;4;15;6;5.93;0;0;2;0;0;0;0;0
D;NAPOLI;MAGGIO Christian;4;5;6.1;6.1;0;0;0;0;0;0;0;0
D;BOLOGNA;MAIETTA Domenico;3;27;5.69;5.61;0;1;8;0;0;0;0;0
D;NAPOLI;MAKSIMOVIC Nikola;3;8;5.56;5.88;1;0;1;0;0;0;0;0
D;ROMA;MANOLAS Konstantinos;4;32;6.17;6.16;1;0;7;0;0;0;0;0
D;ROMA;MARIO RUI Silva Duarte;2;4;5.25;5.12;0;0;1;0;0;0;0;0
D;CROTONE;MARTELLA Bruno;3;29;5.72;5.67;0;0;4;0;0;0;0;0
D;ATALANTA;MASIELLO Andrea;4;35;6.21;6.34;3;0;9;0;0;0;0;0
D;BOLOGNA;MASINA Adam;2;30;5.63;5.61;1;0;6;1;0;0;0;0
D;BOLOGNA;MBAYE Ibrahima;3;14;5.5;5.23;0;1;3;0;2;0;0;0
D;CROTONE;MESBAH Djamel;4;8;5.81;5.78;0;0;1;0;0;0;0;0
D;CAGLIARI;MIANGUE Senna;5;7;6;5.93;0;0;1;0;0;0;0;0
D;FIORENTINA;MILIC Hrvoje;4;15;5.6;5.71;0;3;4;0;0;0;0;0
D;INTER;MIRANDA Joao;4;32;6.11;6.02;0;0;6;0;0;0;0;0
D;TORINO;MOLINARO Cristian;4;10;6;6.1;0;2;2;0;0;0;0;0
D;TORINO;MORETTI Emiliano;4;23;6.02;6.13;1;2;5;0;0;0;0;0
D;PALERMO;MORGANELLA Michel;1;9;5.22;5.06;0;0;3;0;0;0;0;0
D;BOLOGNA;MORLEO Archimede;5;1;6;6;0;0;0;0;0;0;0;0
D;GENOA;MUNOZ Ezequiel Matias;3;29;5.74;5.63;0;0;3;0;1;0;0;0
D;INTER;MURILLO Jeison;3;26;5.83;5.71;0;0;6;0;0;0;0;0
D;CAGLIARI;MURRU Nicola;2;26;5.63;5.62;0;1;3;0;0;0;0;0
D;INTER;NAGATOMO Yuto;2;15;5.47;5.4;0;0;2;0;0;0;0;0
D;BOLOGNA;OIKONOMOU Marios;3;17;5.5;5.5;0;0;1;0;0;0;0;0
D;FIORENTINA;OLIVERA Maxi;4;13;5.69;5.63;0;0;4;0;0;0;0;0
D;GENOA;ORBAN Lucas;2;9;5.44;5;0;0;4;1;1;0;0;0
D;MILAN;PALETTA Gabriel Alejandro;4;29;5.93;5.92;2;1;3;4;1;0;0;0
D;EMPOLI;PASQUAL Manuel;3;32;5.8;5.94;2;2;7;0;0;0;0;0
D;LAZIO;PATRIC;3;16;5.91;5.84;0;1;4;0;0;0;0;0
D;SAMPDORIA;PAVLOVIC Daniel;1;9;5.28;5.17;0;0;2;0;0;0;0;0
D;SASSUOLO;PELUSO Federico;2;33;5.74;5.68;1;1;12;0;0;0;0;0
D;SAMPDORIA;PEREIRA Pedro;1;10;5.5;5.25;0;0;5;0;0;0;0;0
D;ROMA;PERES Bruno;3;28;5.64;5.84;2;1;3;0;0;0;0;0
D;PALERMO;PEZZELLA Giuseppe;2;10;5.55;5.5;0;0;1;0;0;0;0;0
D;CAGLIARI;PISACANE Fabio;3;29;5.88;5.9;1;1;7;0;0;0;0;0
D;LAZIO;RADU Stefan;3;29;5.98;6.05;2;1;10;0;0;0;0;0
D;ATALANTA;RAIMONDI Cristian;3;6;5.67;5.42;0;0;3;0;0;0;0;0
D;PALERMO;RAJKOVIC Slobodan;3;4;5.75;5.5;0;0;0;1;0;0;0;0
D;INTER;RANOCCHIA Andrea;1;5;5.2;5;0;0;2;0;0;0;0;0
D;SAMPDORIA;REGINI Vasco;3;34;5.59;5.63;0;4;5;0;0;0;0;0
D;PALERMO;RISPOLI Andrea;4;32;6.06;6.64;6;3;5;0;0;0;0;0
D;FIORENTINA;RODRIGUEZ Gonzalo;3;25;5.64;5.59;1;0;6;2;0;0;0;0
D;MILAN;ROMAGNOLI Alessio;4;26;6;6.04;1;1;4;1;0;0;0;0
D;CROTONE;ROSI Aleandro;3;30;5.87;5.81;1;1;12;0;0;0;0;0
D;TORINO;ROSSETTINI Luca;3;30;5.7;5.67;1;0;8;0;0;0;0;0
D;ROMA;RUDIGER Antonio;3;25;5.96;5.86;0;2;7;1;0;0;0;0
D;JUVENTUS;RUGANI Daniele;5;13;6.38;6.64;2;0;4;0;0;0;0;0
D;INTER;SAINSBURY Trent;1;1;6;5.5;0;0;1;0;0;0;0;0
D;CAGLIARI;SALAMON Bartosz;3;10;5.8;5.75;0;0;1;0;0;0;0;0
D;FIORENTINA;SALCEDO Carlos;3;16;5.59;5.5;0;1;7;0;0;0;0;0
D;UDINESE;SAMIR;4;21;6.07;6.05;0;1;3;0;0;0;0;0
D;CROTONE;SAMPIRISI Mario;3;19;5.61;5.8;1;1;1;0;0;0;0;0
D;INTER;SANTON Davide;2;12;5.46;5.5;0;1;1;0;0;0;0;0
D;UDINESE;SILVA Gabriel;1;4;5.5;5.25;0;0;2;0;0;0;0;0
D;SAMPDORIA;SILVESTRE Matias;4;36;6.03;6.03;0;2;2;1;0;0;0;0
D;SAMPDORIA;SKRINIAR Milan;3;35;5.87;5.77;0;0;5;1;0;0;0;0
D;CHIEVO;SPOLLI Nicolas;3;20;5.9;5.7;0;0;8;0;0;0;0;0
D;PESCARA;STENDARDO Guglielmo;2;8;5.12;5.17;0;0;1;0;0;0;0;0
D;NAPOLI;STRINIC Ivan;4;12;6;6.04;0;2;3;0;0;0;0;0
D;PALERMO;SUNJIC Toni;2;4;5.5;5.38;0;0;1;0;0;0;0;0
D;SASSUOLO;TERRANOVA Emanuele;2;3;5.5;5.5;0;0;0;0;0;0;0;0
D;ATALANTA;TOLOI Rafael;4;31;6.19;6.08;0;0;7;0;0;0;0;0
D;FIORENTINA;TOMOVIC Nenad;2;23;5.54;5.42;0;1;11;0;0;0;0;0
D;NAPOLI;TONELLI Lorenzo;4;3;6.17;7.83;2;0;2;0;0;0;0;0
D;BOLOGNA;TOROSIDIS Vasilios;3;23;5.48;5.48;1;0;5;1;0;0;0;0
D;MILAN;VANGIONI Leonel;4;11;5.82;5.71;0;0;3;0;0;0;0;0
D;ROMA;VERMAELEN Thomas;3;5;5.5;5.4;0;0;1;0;0;0;0;0
D;EMPOLI;VESELI Frederic;2;17;5.5;5.53;0;2;3;0;0;0;0;0
D;PALERMO;VITIELLO Roberto;2;5;5.4;5.3;0;0;1;0;0;0;0;0
D;PESCARA;VITTURINI Davide;2;3;5.17;5.38;0;0;0;0;0;0;0;0
D;UDINESE;WAGUE Molla;3;6;5.67;5.5;0;0;2;0;0;0;0;0
D;LAZIO;WALLACE;3;21;5.6;5.67;1;0;3;0;0;0;0;0
D;UDINESE;WIDMER Silvan;4;28;5.77;5.88;0;4;2;0;0;0;0;0
D;EMPOLI;ZAMBELLI Marco;3;9;5.61;5.56;0;0;1;0;0;0;0;0
D;PESCARA;ZAMPANO Francesco;4;33;5.83;5.96;0;5;2;0;0;0;0;0
D;MILAN;ZAPATA Cristian;3;14;5.75;5.97;1;0;0;0;0;0;0;0
D;TORINO;ZAPPACOSTA Davide;5;28;6.14;6.38;1;4;1;0;0;0;0;0
D;ATALANTA;ZUKANOVIC Ervin;4;18;5.89;5.86;0;0;1;0;0;0;0;0
D;PESCARA;ZUPARIC Dario;5;6;5.75;5.71;0;0;1;0;0;0;0;0
C;TORINO;ACQUAH Afriyie;3;15;5.87;6.03;2;0;2;3;0;0;0;0
C;NAPOLI;ALLAN Marques Loureiro;5;28;6.14;6.3;1;3;3;0;0;0;0;0
C;SAMPDORIA;ALVAREZ Ricardo;2;17;5.71;6;2;1;2;1;0;0;0;0
C;SASSUOLO;AQUILANI Alberto;2;23;5.8;5.85;1;1;4;1;0;0;0;0
C;TORINO;ARAMU Mattia;5;1;6;6;0;0;0;0;0;0;0;0
C;JUVENTUS;ASAMOAH Kwadwo;5;16;6.09;6.09;0;1;2;0;0;0;0;0
C;FIORENTINA;BADELJ Milan;4;29;5.91;6.06;2;2;7;0;0;0;0;0
C;UDINESE;BADU Emmanuel Agyemang;3;28;5.66;5.7;0;2;2;0;0;0;0;0
C;UDINESE;BALIC Andrija;5;4;6.5;7.12;1;0;1;0;0;0;0;0
C;INTER;BANEGA Ever;3;24;5.79;6.75;6;7;2;1;0;0;0;0
C;CROTONE;BARBERIS Andrea;3;24;5.9;5.96;0;3;3;0;0;0;0;0
C;CAGLIARI;BARELLA Nicolo’;3;26;5.88;5.77;0;2;9;1;0;0;0;0
C;SAMPDORIA;BARRETO Edgar Osvaldo;4;32;6.02;6.11;2;0;4;1;0;0;0;0
C;TORINO;BASELLI Daniele;3;33;5.95;6.5;6;3;6;0;0;0;0;0
C;CHIEVO;BASTIEN Samuel;3;12;5.75;6;1;0;0;0;0;0;0;0
C;PESCARA;BENALI Ahmad;3;32;5.97;6.5;6;2;3;1;0;0;0;0
C;TORINO;BENASSI Marco;4;27;5.91;6.44;5;2;5;0;0;0;0;0
C;FIORENTINA;BERNARDESCHI Federico;5;31;6.35;7.2;11;2;5;1;0;0;1;0
C;MILAN;BERTOLACCI Andrea;4;13;5.88;6;1;0;3;0;0;0;0;0
C;LAZIO;BIGLIA Lucas Rodrigo;3;28;6.07;6.25;4;3;8;0;0;0;2;0
C;SASSUOLO;BIONDINI Davide;2;13;5.81;5.61;0;0;5;0;0;0;0;0
C;CHIEVO;BIRSA Valter;3;35;6.07;6.77;7;9;5;0;0;0;1;0
C;MILAN;BONAVENTURA Giacomo;5;19;6.32;6.68;3;0;3;0;0;0;0;0
C;FIORENTINA;BORJA VALERO Iglesias;5;30;6.23;6.42;1;6;5;0;0;0;0;0
C;PALERMO;BOUY Ouasim;1;1;5.5;5;0;0;1;0;0;0;0;0
C;INTER;BROZOVIC Marcelo;3;23;5.78;6.2;4;1;7;0;0;0;0;0
C;PESCARA;BRUGMAN Gaston;3;25;5.82;5.85;1;1;7;0;0;0;0;0
C;PESCARA;BRUNO Alessandro;3;13;5.5;5.39;0;0;5;0;0;0;0;0
C;EMPOLI;BUCHEL Marcel;3;12;5.62;5.46;0;0;5;0;0;0;0;0
C;ATALANTA;CABEZAS Bryan;5;1;6;6;0;0;0;0;0;0;0;0
C;INTER;CANDREVA Antonio;4;37;5.96;6.58;6;9;2;0;0;0;1;0
C;CROTONE;CAPEZZI Leonardo;4;20;5.9;5.74;0;0;5;1;0;0;0;0
C;ATALANTA;CARMONA Carlos E.;1;2;4.75;4;0;0;1;1;0;0;0;0
C;CHIEVO;CASTRO Lucas;4;33;6.17;6.64;5;4;5;1;0;0;0;0
C;GENOA;CATALDI Danilo;3;23;5.7;5.7;1;1;8;0;0;0;0;0
C;PALERMO;CHOCHEV Ivaylo;4;29;5.78;6.09;3;2;4;0;0;0;0;0
C;SAMPDORIA;CIGARINI Luca;3;4;5.88;5.5;0;0;3;0;0;0;0;0
C;GENOA;COFIE Isaac;4;12;5.88;5.77;0;1;5;0;0;0;0;0
C;PESCARA;COULIBALY Mamadou;3;7;5.86;5.57;0;0;4;0;0;0;0;0
C;LAZIO;CRECCO Luca;3;2;6.25;7.75;1;0;0;0;0;0;0;0
C;CROTONE;CRISETIG Lorenzo;3;30;5.85;5.68;0;1;11;1;0;0;0;0
C;ATALANTA;CRISTANTE Bryan;4;24;5.92;6.32;3;2;2;0;0;0;0;0
C;FIORENTINA;CRISTOFORO Sebastian;4;13;5.81;5.83;0;0;1;0;0;0;0;0
C;EMPOLI;CROCE Daniele;4;35;6.14;6.17;1;0;4;0;0;0;0;0
C;JUVENTUS;CUADRADO Juan;4;30;6.18;6.44;2;6;8;0;0;0;0;0
C;ATALANTA;D’ALESSANDRO Marco;4;17;6;6.18;1;1;2;0;0;0;0;0
C;CHIEVO;DE GUZMAN Jonathan;4;22;5.91;6.16;2;1;3;0;0;0;0;0
C;UDINESE;DE PAUL Rodrigo;3;33;5.83;6.09;4;1;7;1;0;0;0;0
C;ROMA;DE ROSSI Daniele;4;28;6.12;6.5;4;3;9;0;0;0;0;0
C;CAGLIARI;DEIOLA Alessandro;2;3;5.83;5.5;0;0;2;0;0;0;0;0
C;CHIEVO;DEPAOLI Fabio;4;5;6;5.9;0;1;1;1;0;0;0;0
C;CAGLIARI;DESSENA Daniele;3;16;5.69;5.88;2;0;4;1;0;0;0;0
C;BOLOGNA;DI FRANCESCO Federico;4;17;6.06;6.66;4;2;3;1;0;0;0;0
C;CAGLIARI;DI GENNARO Davide;4;20;5.98;6.28;2;3;4;1;0;0;0;0
C;PALERMO;DIAMANTI Alessandro;3;28;5.91;5.98;1;4;8;1;0;0;0;0
C;NAPOLI;DIAWARA Amadou;5;18;6.14;6.11;0;0;1;0;0;0;0;0
C;EMPOLI;DIOUSSE’ Assane;2;33;5.79;5.59;0;0;13;0;0;0;0;0
C;BOLOGNA;DONSAH Godfred;2;13;5.65;5.75;0;2;2;0;0;0;0;0
C;SASSUOLO;DUNCAN Joseph Alfred;4;19;6.03;6.08;1;0;4;0;0;0;0;0
C;BOLOGNA;DZEMAILI Blerim;4;30;6.15;6.81;8;2;9;1;0;0;0;0
C;EMPOLI;EL KADDOURI Omar;4;15;6.03;6.53;3;1;5;0;0;0;0;0
C;PALERMO;EMBALO Carlos;1;10;5.5;5.6;0;1;0;0;0;0;0;0
C;UDINESE;EVANGELISTA Lucas;5;3;6.17;6;0;0;1;0;0;0;0;0
C;CAGLIARI;FARAGO’ Paolo;3;6;5.67;5.57;0;0;1;0;0;0;0;0
C;LAZIO;FELIPE ANDERSON Pereira Gomes;4;36;6.17;6.65;4;8;5;0;0;0;0;0
C;SAMPDORIA;FERNANDES Bruno Miguel;3;32;5.83;6.33;5;2;2;0;0;0;0;0
C;MILAN;FERNANDEZ Matias;3;11;5.77;6.21;1;2;1;0;0;0;0;0
C;UDINESE;FOFANA Seko;4;22;6.16;6.82;5;1;3;0;0;0;0;0
C;ATALANTA;FREULER Remo;5;31;6.29;6.79;5;3;5;0;0;0;0;0
C;INTER;GAGLIARDINI Roberto;4;28;6.21;6.43;2;3;7;0;0;0;0;0
C;CHIEVO;GAKPE’ Serge;3;12;5.88;6.04;1;0;2;0;0;0;0;0
C;PALERMO;GAZZI Alessandro;3;24;5.88;5.67;0;0;6;2;0;0;0;0
C;NAPOLI;GIACCHERINI Emanuele;4;9;5.89;6.22;1;0;0;0;0;0;0;0
C;CROTONE;GNAHORE’ Eddy;5;1;5.5;5.75;0;0;0;0;0;0;0;0
C;UDINESE;GNOUKOURI Assane Demoya;4;4;6;6;0;0;0;0;0;0;0;0
C;ATALANTA;GOMEZ Alejandro;5;37;6.7;8.19;16;10;6;0;0;0;0;0
C;ATALANTA;GRASSI Alberto;4;15;6.07;6.2;1;0;2;0;0;0;0;0
C;ROMA;GRENIER Clement;5;5;6.2;6.3;0;1;1;0;0;0;0;0
C;TORINO;GUSTAFSON Samuel;3;5;5.7;5.6;0;0;1;0;0;0;0;0
C;UDINESE;HALLFREDSSON Emil;3;27;5.96;5.89;0;3;10;0;0;0;0;0
C;NAPOLI;HAMSIK Marek;4;38;6.39;7.43;12;4;1;0;0;0;0;0
C;PALERMO;HENRIQUE Bruno;3;32;5.73;5.78;1;2;7;0;0;0;0;0
C;JUVENTUS;HERNANES;4;9;5.72;5.9;1;0;3;0;0;0;0;0
C;CHIEVO;HETEMAJ Perparim;3;23;5.91;5.78;0;0;6;0;0;0;0;0
C;GENOA;HILJEMARK Oscar;3;26;5.71;5.92;2;0;1;0;0;0;0;0
C;MILAN;HONDA Keisuke;5;4;6;6.6;1;0;0;0;0;0;0;0
C;TORINO;IAGO Falque;4;34;6.09;7.15;12;4;2;0;0;0;1;0
C;CAGLIARI;IONITA Artur;3;17;5.97;6.41;3;1;5;0;0;0;0;0
C;CHIEVO;IZCO Mariano;3;21;5.64;5.67;0;1;1;0;0;0;0;0
C;PALERMO;JAJALO Mato;2;26;5.5;5.56;1;1;5;0;0;0;0;0
C;UDINESE;JANKTO Jakub;4;25;6.18;6.78;5;3;6;0;0;0;0;0
C;INTER;JOAO MARIO;4;27;5.96;6.39;3;5;5;0;0;0;0;0
C;CAGLIARI;JOAO PEDRO;3;21;6.02;6.79;7;1;4;1;0;0;1;0
C;NAPOLI;JORGINHO Jorge Luiz Frello;4;27;6.13;6.19;0;3;3;0;0;0;0;0
C;PESCARA;KASTANOS Grigoris;1;6;5.25;5.17;0;0;1;0;0;0;0;0
C;ATALANTA;KESSIE’ Franck;4;30;6.32;6.8;6;1;5;2;0;0;0;0
C;JUVENTUS;KHEDIRA Sami;4;30;6.17;6.71;5;3;2;0;0;0;0;0
C;INTER;KONDOGBIA Geoffrey;3;24;5.71;5.77;1;2;5;1;0;0;0;0
C;UDINESE;KONE Panagiotis;3;4;5.62;5.5;0;0;1;0;0;0;0;0
C;BOLOGNA;KREJCI Ladislav;3;34;5.81;6.07;1;7;2;0;0;0;0;0
C;EMPOLI;KRUNIC Rade;3;32;5.78;5.81;2;0;10;0;0;0;0;0
C;MILAN;KUCKA Juray;3;27;5.78;5.89;3;1;7;2;1;0;0;0
C;UDINESE;KUMS Sven;4;26;5.83;5.81;0;1;3;0;0;0;0;0
C;ATALANTA;KURTIC Jasmin;3;37;6;6.45;6;2;7;0;0;0;0;0
C;GENOA;LAXALT Diego Sebastian Suzrez;3;35;5.91;6.01;1;3;5;0;0;0;0;0
C;GENOA;LAZOVIC Darko;3;32;5.78;5.94;1;4;2;1;0;0;0;0
C;JUVENTUS;LEMINA Mario;5;16;5.97;6.12;1;0;1;0;0;0;0;0
C;SAMPDORIA;LINETTY Karol;4;34;6.03;6.13;1;3;5;0;0;0;0;0
C;TORINO;LJAJIC Adem;4;33;6.11;7;10;5;5;0;0;0;1;0
C;MILAN;LOCATELLI Manuel;3;24;5.85;5.96;2;0;7;0;0;0;0;0
C;TORINO;LUKIC Sasa;3;12;5.79;5.54;0;0;6;0;0;0;0;0
C;LAZIO;LULIC Senad;4;31;6.16;6.56;3;8;7;1;0;0;0;0
C;SASSUOLO;MAGNANELLI Francesco;4;14;6.18;6.32;1;0;2;0;0;0;0;0
C;EMPOLI;MAIELLO Raffaele;1;1;5;5;0;0;0;0;0;0;0;0
C;JUVENTUS;MARCHISIO Claudio;5;17;6.18;6.33;1;1;2;0;0;0;0;0
C;EMPOLI;MAURI Jose’;4;14;6;5.86;0;0;4;0;0;0;0;0
C;SASSUOLO;MAZZITELLI Luca;4;16;6.12;6.19;1;2;8;0;0;0;0;0
C;INTER;MEDEL Gary;4;26;6.13;6.04;0;0;5;0;0;0;0;0
C;INTER;MELO Felipe;3;4;5.88;5.5;0;0;1;1;0;0;0;0
C;PESCARA;MEMUSHAJ Ledian;3;35;5.76;5.69;1;2;3;0;0;0;2;0
C;NAPOLI;MERTENS Dries;5;34;6.79;9.32;28;8;6;0;0;0;1;0
C;LAZIO;MILINKOVIC-SAVIC Sergej;3;34;6.07;6.49;4;6;8;0;0;0;0;0
C;SASSUOLO;MISSIROLI Simone;3;12;5.88;5.75;0;0;3;0;0;0;0;0
C;PESCARA;MITRITA Alexandru;3;13;5.69;6;1;2;1;0;0;0;0;0
C;MILAN;MONTOLIVO Riccardo;4;9;5.89;5.8;0;0;2;0;0;0;0;0
C;GENOA;MOROSINI Leonardo;3;2;5.75;5.75;0;0;0;0;0;0;0;0
C;ATALANTA;MOUNIER Anthony;2;8;5.25;5.33;0;0;0;0;0;0;0;0
C;CAGLIARI;MUNARI Gianni;2;6;5.75;5.42;0;0;4;0;0;0;0;0
C;PESCARA;MUNTARI Sulley;1;9;5.28;5.33;1;0;5;0;0;0;0;0
C;LAZIO;MURGIA Alessandro;4;10;6;6.55;2;0;1;0;0;0;0;0
C;PESCARA;MURIC Robert;5;4;6.12;6.7;1;0;0;0;0;0;0;0
C;BOLOGNA;NAGY Adam;4;23;5.91;5.85;0;0;3;0;0;0;0;0
C;ROMA;NAINGGOLAN Radja;5;36;6.43;7.38;11;2;2;0;0;0;0;0
C;GENOA;NINKOVIC Nikola;4;14;5.89;6.23;2;0;2;0;0;0;0;0
C;GENOA;NTCHAM Olivier;3;17;5.68;6.17;3;1;3;0;0;0;0;0
C;TORINO;OBI Joel;3;20;5.85;5.82;0;1;3;0;0;0;0;0
C;BOLOGNA;OKONKWO Orji;4;5;5.9;6;0;1;1;0;0;0;0;0
C;CAGLIARI;PADOIN Simone;2;27;5.61;5.65;1;1;6;0;0;0;0;0
C;SAMPDORIA;PALOMBO Angelo;4;4;5.88;5.75;0;0;1;0;0;0;0;0
C;ROMA;PAREDES Leandro;5;18;6.36;6.81;3;1;4;0;0;0;0;0
C;LAZIO;PAROLO Marco;4;34;6.13;6.41;5;0;11;0;0;0;0;0
C;MILAN;PASALIC Mario;3;22;5.77;6.2;4;0;5;0;0;0;0;0
C;SASSUOLO;PELLEGRINI Lorenzo;4;28;5.96;6.66;6;6;7;1;0;0;0;0
C;PESCARA;PEPE Simone;3;10;5.75;5.77;0;0;0;0;0;0;0;0
C;INTER;PERISIC Ivan;4;36;6.14;7.19;11;7;2;1;0;0;0;0
C;ROMA;PEROTTI Diego;4;27;6.2;7.28;8;6;2;0;0;0;0;0
C;JUVENTUS;PJANIC Miralem;4;29;6.26;6.93;5;8;5;0;0;0;0;0
C;MILAN;POLI Andrea;4;7;5.79;5.75;0;0;1;0;0;0;0;0
C;SASSUOLO;POLITANO Matteo;4;32;6.17;6.72;5;5;5;0;0;0;0;0
C;SAMPDORIA;PRAET Dennis;3;30;5.82;5.88;1;1;4;0;0;0;0;0
C;BOLOGNA;PULGAR Erick;2;23;5.59;5.54;1;0;5;2;0;0;0;0
C;PALERMO;QUAISON Robin;3;15;5.9;6.53;4;0;5;0;0;0;0;0
C;CHIEVO;RADOVANOVIC Ivan;3;33;5.98;5.83;0;0;10;0;0;0;0;0
C;GENOA;RIGONI Luca;3;30;5.95;6.06;3;1;13;0;0;0;0;0
C;CHIEVO;RIGONI Nicola;4;10;5.85;6.05;1;0;2;0;0;0;0;0
C;JUVENTUS;RINCON Tomas;5;20;6.22;6.17;0;1;4;0;0;0;0;0
C;BOLOGNA;RIZZO Luca;3;10;5.6;5.64;0;0;0;0;0;0;0;0
C;NAPOLI;ROG Marko;4;12;6.17;6;0;0;4;0;0;0;0;0
C;CROTONE;ROHDEN Marcus;3;33;5.77;5.93;1;4;4;0;0;0;0;0
C;SAMPDORIA;SALA Jacopo;2;20;5.48;5.35;0;0;5;0;0;0;0;0
C;CROTONE;SALZANO Aniello;5;6;5.75;5.79;0;0;0;0;0;0;0;0
C;FIORENTINA;SANCHEZ Carlos;4;28;5.8;5.82;1;0;6;0;0;0;0;0
C;FIORENTINA;SAPONARA Riccardo;3;25;5.94;6.37;4;2;5;0;0;0;0;0
C;SASSUOLO;SENSI Stefano;4;16;6.19;6.47;2;0;3;0;0;0;0;0
C;MILAN;SOSA Jose’;3;17;5.85;5.67;0;1;5;2;0;0;0;0
C;ATALANTA;SPINAZZOLA Leonardo;5;30;6.28;6.32;0;4;2;0;1;0;0;0
C;CROTONE;STOIAN Adrian;3;22;5.86;6.23;3;1;3;0;0;0;0;0
C;ROMA;STROOTMAN Kevin;5;33;6.23;6.68;4;6;6;0;0;0;0;0
C;JUVENTUS;STURARO Stefano;4;16;5.91;5.76;0;0;5;0;0;0;0;0
C;MILAN;SUSO;4;33;6.23;6.79;7;4;5;0;0;0;1;0
C;GENOA;TAARABT Adel;3;5;5.9;6.1;0;1;0;0;0;0;0;0
C;CAGLIARI;TACHTSIDIS Panagiotis;3;26;5.67;5.73;0;4;5;0;0;0;0;0
C;BOLOGNA;TAIDER Saphir;4;24;5.98;6.32;3;0;1;0;0;0;0;0
C;EMPOLI;TELLO Andres;2;15;5.53;5.37;0;0;6;0;0;0;0;0
C;FIORENTINA;TELLO Cristian;4;31;5.81;6.14;2;5;1;0;0;0;0;0
C;CROTONE;TONEV Aleksandar;4;11;5.77;5.96;1;0;2;0;0;0;0;0
C;SAMPDORIA;TORREIRA Lucas;5;35;6.21;6.11;0;0;7;0;0;0;0;0
C;TORINO;VALDIFIORI Mirko;3;23;5.91;5.8;0;0;5;0;0;0;0;0
C;FIORENTINA;VECINO Matias;4;27;6.02;6.33;3;3;6;0;0;0;0;0
C;GENOA;VELOSO Miguel;3;22;6;5.91;0;2;7;1;0;0;0;0
C;BOLOGNA;VERDI Simone;4;26;6.21;7.04;7;3;3;0;0;0;0;0
C;PESCARA;VERRE Valerio;3;27;5.48;5.46;0;1;2;1;0;0;0;0
C;TORINO;VIVES Giuseppe;2;3;5.67;5.33;0;0;0;1;0;0;0;0
C;BOLOGNA;VIVIANI Federico;3;15;5.8;6.16;2;2;3;1;0;0;0;0
C;EMPOLI;ZAJC Miha;5;3;6.33;7.67;1;1;0;0;0;0;0;0
C;NAPOLI;ZIELINSKI Piotor;5;34;6.34;6.9;5;6;4;0;0;0;0;0
A;CROTONE;ACOSTY Boadu Maxwell;1;8;6;5.88;0;0;2;0;0;0;0;0
A;LAZIO;ALBERTO Luis;2;8;5.94;6.56;1;2;0;0;0;0;0;0
A;FIORENTINA;BABACAR Khouma;3;18;5.97;7.52;10;1;0;0;0;0;0;0
A;MILAN;BACCA Carlos;2;29;5.76;6.85;13;1;3;0;0;0;2;0
A;PESCARA;BAHEBECK Jean-Christophe;3;12;5.83;6.85;4;1;0;0;0;0;0;0
A;PALERMO;BALOGH Norbert;1;10;5.4;5.25;0;0;1;1;0;0;0;0
A;TORINO;BELOTTI Andrea;3;35;6.66;8.64;26;3;5;0;0;0;3;0
A;PALERMO;BENTIVEGNA Accursio;1;1;5.5;5.75;0;0;0;0;0;0;0;0
A;SASSUOLO;BERARDI Domenico;3;21;6.21;6.88;5;5;6;0;0;0;1;0
A;CAGLIARI;BORRIELLO Marco;3;34;6.25;7.56;16;1;4;0;0;0;1;0
A;TORINO;BOYE’ Lucas;1;26;5.87;5.96;1;2;5;0;0;0;0;0
A;SAMPDORIA;BUDIMIR Ante;1;8;5.62;5.62;0;0;0;0;0;0;0;0
A;NAPOLI;CALLEJON Jose’ Maria Bueno;3;37;6.28;7.66;14;11;2;1;0;0;0;0
A;PESCARA;CAPRARI Gianluca;2;34;5.84;6.3;8;2;8;0;0;0;2;0
A;PESCARA;CERRI Alberto;1;11;5.59;6.08;2;0;1;0;0;0;0;0
A;FIORENTINA;CHIESA Federico;2;22;6.18;6.52;3;2;3;1;0;0;0;0
A;SASSUOLO;DEFREL Gregoire;2;28;6.12;7.36;12;1;1;0;0;0;0;0
A;BOLOGNA;DESTRO Mattia;2;29;5.62;6.57;11;0;4;0;0;0;1;0
A;MILAN;DEULOFEU Gerard;2;16;6.31;7;4;1;4;0;0;0;0;0
A;LAZIO;DJORDJEVIC Filip;1;12;5.62;5.62;0;0;0;0;0;0;0;0
A;SAMPDORIA;DJURICIC Filip;1;13;5.81;5.77;0;1;4;0;0;0;0;0
A;JUVENTUS;DYBALA Paulo;3;28;6.59;7.91;11;7;2;0;0;0;0;0
A;ROMA;DZEKO Edin;4;37;6.59;8.95;29;8;4;0;0;0;2;0
A;INTER;EDER Citadin martins;2;30;6.05;6.9;8;3;3;0;0;0;0;0
A;ROMA;EL SHAARAWY;2;28;6.2;7.16;8;3;0;0;0;0;0;0
A;UDINESE;EWANDRO;1;3;5.67;5.67;0;0;0;0;0;0;0;0
A;CROTONE;FALCINELLI Diego;2;35;6.2;7.24;13;2;7;0;0;0;0;0
A;CAGLIARI;FARIAS Diego;2;20;6.08;7.12;7;2;4;0;0;0;0;0
A;BOLOGNA;FLOCCARI Sergio;1;4;5.12;5.3;0;0;0;0;0;0;0;0
A;CHIEVO;FLORO FLORES Antonio;1;11;5.64;5.64;0;0;0;0;0;0;0;0
A;NAPOLI;GABBIADINI Manolo;2;12;5.46;6.12;3;0;0;1;0;0;0;0
A;INTER;GABRIEL Barbosa;1;7;5.93;6.21;1;0;3;0;0;0;0;0
A;ROMA;GERSON Santos da Silva;1;2;5;4.75;0;0;1;0;0;0;0;0
A;CAGLIARI;GIANNETTI Niccolo’;1;7;5.57;5.56;0;0;0;0;0;0;0;0
A;PESCARA;GILARDINO Alberto;1;12;5.54;5.5;0;0;2;0;0;0;0;0
A;FIORENTINA;HAGI Ianis;1;2;6.25;6;0;0;1;0;0;0;0;0
A;CAGLIARI;HAN Kwang-song;2;3;6.17;7.17;1;0;0;0;0;0;0;0
A;JUVENTUS;HIGUAIN Gonzalo Gerardo;3;37;6.39;8.26;23;3;1;0;0;0;0;0
A;CAGLIARI;IBARBO Victor;1;3;5.67;5.67;0;0;0;0;0;0;0;0
A;INTER;ICARDI Mauro Emanuel;3;34;6.18;8.31;24;4;1;0;0;0;1;0
A;SASSUOLO;IEMMELLO Pietro;2;12;5.83;7.04;5;0;1;0;0;0;0;0
A;FIORENTINA;ILICIC Josip;2;26;5.75;6.12;5;2;2;0;0;0;2;0
A;LAZIO;IMMOBILE Ciro;3;36;6.44;8.38;23;3;5;0;0;0;0;0
A;CHIEVO;INGLESE Roberto;2;31;5.89;6.89;10;4;0;0;0;0;1;0
A;NAPOLI;INSIGNE Lorenzo;4;37;6.7;8.32;18;7;2;0;0;0;0;0
A;TORINO;ITURBE Juan;1;16;5.53;5.88;1;3;1;0;0;0;0;0
A;INTER;JOVETIC Stevan;1;3;5.67;5.5;0;0;1;0;0;0;0;0
A;FIORENTINA;KALINIC Nikola;3;31;6.16;7.35;15;1;5;1;0;0;1;0
A;JUVENTUS;KEAN Moise;5;1;7;8;1;0;0;0;0;0;0;0
A;LAZIO;KEITA Balde Diao;3;31;6.47;8.02;16;3;4;1;0;0;0;0
A;LAZIO;KISHNA Ricardo;1;4;5.5;5.5;0;0;0;0;0;0;0;0
A;CROTONE;KOTNIK Andrej;1;1;5;5;0;0;0;0;0;0;0;0
A;MILAN;LAPADULA Gianluca;2;23;6.07;7.08;8;2;3;0;0;0;0;0
A;PALERMO;LO FASO Simone;1;6;5.83;5.83;0;0;0;0;0;0;0;0
A;LAZIO;LOMBARDI Cristiano;1;12;5.75;5.71;1;0;4;0;1;0;0;0
A;MILAN;LUIZ ADRIANO;1;4;5.38;5.5;0;0;0;0;0;0;0;0
A;EMPOLI;MACCARONE Massimo;1;28;5.66;6.18;5;2;3;1;0;0;0;0
A;PESCARA;MANAJ Rey;1;11;5.32;5.79;2;0;2;0;0;0;0;0
A;JUVENTUS;MANDZUKIC Mario;2;32;6.22;6.74;6;2;5;0;0;0;0;0
A;EMPOLI;MARILUNGO Guido;1;18;5.56;5.67;0;3;2;0;0;0;0;0
A;TORINO;MARTINEZ Josef Alexander;1;9;5.72;5.89;1;0;3;0;0;0;0;0
A;UDINESE;MATOS;1;12;5.62;5.62;0;0;0;0;0;0;0;0
A;SASSUOLO;MATRI Alessandro;2;27;5.74;6.61;8;0;1;0;0;0;0;0
A;TORINO;MAXI LOPEZ Gaston;1;12;5.79;6.25;2;0;2;0;0;0;0;0
A;EMPOLI;MCHEDLIDZE Levan;2;14;6.07;7.04;6;0;3;0;0;0;1;0
A;CHIEVO;MEGGIORINI Riccardo;1;27;5.89;6.11;3;0;6;0;0;0;0;0
A;CAGLIARI;MELCHIORRI Federico;2;10;6;6.85;3;0;1;0;0;0;0;0
A;NAPOLI;MILIK Arkadiusz;2;10;6.3;7.75;5;0;1;0;0;0;0;0
A;SAMPDORIA;MURIEL Luis Fernando;2;31;6.15;7.24;11;4;4;1;0;0;0;0
A;CROTONE;NALINI Andrea;2;14;6.25;6.7;2;2;2;0;0;0;0;0
A;PALERMO;NESTOROVSKI Ilija;2;37;5.93;6.81;11;2;5;0;0;0;0;0
A;MILAN;NIANG M’baye;2;14;5.79;6.07;3;2;0;1;0;0;2;0
A;MILAN;OCAMPOS Lucas;2;22;6;6.29;3;1;5;0;0;0;0;0
A;INTER;PALACIO Rodrigo;1;11;5.64;5.79;0;2;1;0;0;0;0;0
A;GENOA;PALLADINO Raffaele;1;31;5.79;5.86;2;2;6;0;0;0;1;0
A;ATALANTA;PALOSCHI Alberto;1;8;5.5;5.12;0;0;0;0;0;0;1;0
A;GENOA;PANDEV Goran;1;16;5.66;6.12;3;0;1;1;0;0;0;0
A;CHIEVO;PARIGINI Vittorio;1;1;5;5;0;0;0;0;0;0;0;0
A;NAPOLI;PAVOLETTI Leonardo;1;12;5.67;6.31;3;0;2;0;0;0;0;0
A;CHIEVO;PELLISSIER Sergio;2;29;5.95;6.93;9;2;1;0;0;0;0;0
A;UDINESE;PENARANDA Adalberto;1;5;5.7;5.7;0;0;0;0;0;0;0;0
A;UDINESE;PERICA Stipe;2;26;5.98;6.65;6;1;4;0;0;0;0;0
A;ATALANTA;PESIC Aleksandar;1;3;5.67;5.67;0;0;0;0;0;0;0;0
A;ATALANTA;PETAGNA Andrea;2;33;6.32;6.89;5;5;2;0;0;0;0;0
A;BOLOGNA;PETKOVIC Bruno;1;9;5.67;5.6;0;0;1;0;0;0;0;0
A;PESCARA;PETTINARI Stefano;1;5;5.5;5.5;0;0;1;0;0;0;0;0
A;GENOA;PINILLA Mauricio;1;12;5.62;5.71;1;1;4;1;0;0;0;0
A;JUVENTUS;PJACA Marko;1;7;5.64;5.62;0;0;1;0;0;0;0;0
A;EMPOLI;PUCCIARELLI Manuel;1;32;5.47;5.66;3;1;2;0;0;0;1;0
A;SAMPDORIA;QUAGLIARELLA Fabio;2;36;6.12;7.07;12;2;2;0;0;0;1;0
A;SASSUOLO;RAGUSA Antonino;2;22;5.82;6.34;4;2;5;0;0;0;0;0
A;SASSUOLO;RICCI Federico;1;17;5.71;5.94;2;0;4;0;0;0;0;0
A;LAZIO;ROSSI Alessandro;1;2;5.5;5.5;0;0;0;0;0;0;0;0
A;BOLOGNA;SADIQ Umar;1;7;5.71;5.75;0;1;2;0;0;0;0;0
A;ROMA;SALAH Mohamed;3;31;6.27;8.02;15;10;2;0;0;0;0;0
A;PALERMO;SALLAI Roland;1;18;5.31;5.33;1;0;3;1;0;0;0;0
A;CAGLIARI;SAU Marco;2;34;5.88;6.49;7;2;5;0;0;0;0;0
A;SAMPDORIA;SCHICK Patrik;3;29;6.09;7.23;11;3;2;0;0;0;0;0
A;PALERMO;SILVA Stefan;1;1;5.5;5.5;0;0;0;0;0;0;0;0
A;GENOA;SIMEONE Giovanni;2;33;5.82;6.78;12;1;3;0;0;0;1;0
A;CROTONE;SIMY;1;15;5.57;6.16;3;0;0;0;0;0;0;0
A;UDINESE;THEREAU Cyril;2;33;5.77;6.73;12;0;3;0;0;0;1;0
A;EMPOLI;THIAM Mame;2;14;5.79;6.04;1;1;1;0;0;0;0;0
A;ROMA;TOTTI Francesco;3;10;6.65;7.45;2;3;2;0;0;0;0;0
A;PALERMO;TRAJKOVSKI Aleksandar;1;8;5.44;5.72;1;0;1;0;0;0;0;0
A;CROTONE;TROTTA Marcello;2;26;5.79;6.24;3;4;2;0;0;0;0;0
A;UDINESE;ZAPATA Duvan;2;38;5.99;6.79;10;2;3;0;0;0;0;0
A;FIORENTINA;ZARATE Mauro;4;4;6.25;7.25;2;1;1;0;0;0;0;0
