Id;R;Nome;Squadra;Pg;Mv;Mf;Gf;Gs;Rp;Rc;R+;R-;Ass;Asf;Amm;Esp;Au
3;P;RADUNOVIC;Verona;0;0;0;0;0;0;0;0;0;0;0;0;0;0
4;P;SPORTIELLO;Atalanta;0;0;0;0;0;0;0;0;0;0;0;0;0;0
5;D;ALMICI;Verona;0;0;0;0;0;0;0;0;0;0;0;0;0;0
11;D;CONTI;Milan;0;0;0;0;0;0;0;0;0;0;0;0;0;0
15;D;MASIELLO A;Atalanta;0;0;0;0;0;0;0;0;0;0;0;0;0;0
20;C;CIGARINI;Cagliari;0;0;0;0;0;0;0;0;0;0;0;0;0;0
21;C;D'ALESSANDRO;SPAL;0;0;0;0;0;0;0;0;0;0;0;0;0;0
22;C;DE ROON;Atalanta;0;0;0;0;0;0;0;0;0;0;0;0;0;0
26;C;GOMEZ A;Atalanta;0;0;0;0;0;0;0;0;0;0;0;0;0;0
27;C;GRASSI;Parma;0;0;0;0;0;0;0;0;0;0;0;0;0;0
28;C;KURTIC;SPAL;0;0;0;0;0;0;0;0;0;0;0;0;0;0
40;P;DA COSTA;Bologna;0;0;0;0;0;0;0;0;0;0;0;0;0;0
41;P;MIRANTE;Roma;0;0;0;0;0;0;0;0;0;0;0;0;0;0
42;P;SARR M;Bologna;0;0;0;0;0;0;0;0;0;0;0;0;0;0
45;D;FERRARI A;Sampdoria;0;0;0;0;0;0;0;0;0;0;0;0;0;0
47;D;GASTALDELLO;Brescia;0;0;0;0;0;0;0;0;0;0;0;0;0;0
50;D;MBAYE;Bologna;0;0;0;0;0;0;0;0;0;0;0;0;0;0
54;D;ROSSETTINI;Lecce;0;0;0;0;0;0;0;0;0;0;0;0;0;0
57;C;CRISETIG;Bologna;0;0;0;0;0;0;0;0;0;0;0;0;0;0
58;C;DIAWARA;Roma;0;0;0;0;0;0;0;0;0;0;0;0;0;0
60;C;RIZZO;Bologna;0;0;0;0;0;0;0;0;0;0;0;0;0;0
65;C;MANCOSU;Lecce;0;0;0;0;0;0;0;0;0;0;0;0;0;0
73;D;GAGLIOLO;Parma;0;0;0;0;0;0;0;0;0;0;0;0;0;0
81;C;DI GAUDIO;Verona;0;0;0;0;0;0;0;0;0;0;0;0;0;0
84;D;MARRONE;Verona;0;0;0;0;0;0;0;0;0;0;0;0;0;0
90;A;LASAGNA;Udinese;0;0;0;0;0;0;0;0;0;0;0;0;0;0
92;A;MATOS;Udinese;0;0;0;0;0;0;0;0;0;0;0;0;0;0
99;D;CACCIATORE;Cagliari;0;0;0;0;0;0;0;0;0;0;0;0;0;0
106;D;MATTIELLO;Cagliari;0;0;0;0;0;0;0;0;0;0;0;0;0;0
111;C;BIRSA;Cagliari;0;0;0;0;0;0;0;0;0;0;0;0;0;0
112;C;CASTRO;Cagliari;0;0;0;0;0;0;0;0;0;0;0;0;0;0
118;C;RADOVANOVIC;Genoa;0;0;0;0;0;0;0;0;0;0;0;0;0;0
123;A;INGLESE;Parma;0;0;0;0;0;0;0;0;0;0;0;0;0;0
126;A;PALOSCHI;SPAL;0;0;0;0;0;0;0;0;0;0;0;0;0;0
133;P;SKORUPSKI;Bologna;0;0;0;0;0;0;0;0;0;0;0;0;0;0
139;D;DERMAKU;Parma;0;0;0;0;0;0;0;0;0;0;0;0;0;0
140;D;HYSAJ;Napoli;0;0;0;0;0;0;0;0;0;0;0;0;0;0
141;D;LAURINI;Parma;0;0;0;0;0;0;0;0;0;0;0;0;0;0
142;D;MARIO RUI;Napoli;0;0;0;0;0;0;0;0;0;0;0;0;0;0
144;D;TONELLI;Napoli;0;0;0;0;0;0;0;0;0;0;0;0;0;0
148;C;KRUNIC;Milan;0;0;0;0;0;0;0;0;0;0;0;0;0;0
150;C;SAPONARA;Genoa;0;0;0;0;0;0;0;0;0;0;0;0;0;0
152;C;ZIELINSKI;Napoli;0;0;0;0;0;0;0;0;0;0;0;0;0;0
159;P;SEPE;Parma;0;0;0;0;0;0;0;0;0;0;0;0;0;0
170;C;BADELJ;Fiorentina;0;0;0;0;0;0;0;0;0;0;0;0;0;0
172;C;BORJA VALERO;Inter;0;0;0;0;0;0;0;0;0;0;0;0;0;0
173;C;CAPEZZI;Sampdoria;0;0;0;0;0;0;0;0;0;0;0;0;0;0
177;A;ILICIC;Atalanta;0;0;0;0;0;0;0;0;0;0;0;0;0;0
179;C;PETRICCIONE;Lecce;0;0;0;0;0;0;0;0;0;0;0;0;0;0
181;C;VECINO;Inter;0;0;0;0;0;0;0;0;0;0;0;0;0;0
183;A;BABACAR;Sassuolo;0;0;0;0;0;0;0;0;0;0;0;0;0;0
184;C;BERNARDESCHI;Juventus;0;0;0;0;0;0;0;0;0;0;0;0;0;0
216;P;DONNARUMMA AN;Milan;0;0;0;0;0;0;0;0;0;0;0;0;0;0
218;P;PERIN;Juventus;0;0;0;0;0;0;0;0;0;0;0;0;0;0
224;D;DE MAIO;Udinese;0;0;0;0;0;0;0;0;0;0;0;0;0;0
226;D;IZZO;Torino;0;0;0;0;0;0;0;0;0;0;0;0;0;0
234;C;KUCKA;Parma;0;0;0;0;0;0;0;0;0;0;0;0;0;0
235;C;LAXALT;Milan;0;0;0;0;0;0;0;0;0;0;0;0;0;0
236;C;LAZOVIC;Verona;0;0;0;0;0;0;0;0;0;0;0;0;0;0
237;C;PEROTTI;Roma;0;0;0;0;0;0;0;0;0;0;0;0;0;0
238;C;RINCON;Torino;0;0;0;0;0;0;0;0;0;0;0;0;0;0
241;C;TACHTSIDIS;Lecce;0;0;0;0;0;0;0;0;0;0;0;0;0;0
244;D;GHIGLIONE;Genoa;0;0;0;0;0;0;0;0;0;0;0;0;0;0
245;A;PANDEV;Genoa;0;0;0;0;0;0;0;0;0;0;0;0;0;0
247;A;PAVOLETTI;Cagliari;0;0;0;0;0;0;0;0;0;0;0;0;0;0
248;P;BERNI;Inter;0;0;0;0;0;0;0;0;0;0;0;0;0;0
250;P;HANDANOVIC;Inter;0;0;0;0;0;0;0;0;0;0;0;0;0;0
252;D;BIRAGHI;Fiorentina;0;0;0;0;0;0;0;0;0;0;0;0;0;0
253;D;D'AMBROSIO;Inter;0;0;0;0;0;0;0;0;0;0;0;0;0;0
254;D;DIMARCO;Inter;0;0;0;0;0;0;0;0;0;0;0;0;0;0
256;D;JUAN JESUS;Roma;0;0;0;0;0;0;0;0;0;0;0;0;0;0
259;D;MURILLO;Sampdoria;0;0;0;0;0;0;0;0;0;0;0;0;0;0
261;D;RANOCCHIA;Inter;0;0;0;0;0;0;0;0;0;0;0;0;0;0
262;D;SANTON;Roma;0;0;0;0;0;0;0;0;0;0;0;0;0;0
264;C;BESSA;Verona;0;0;0;0;0;0;0;0;0;0;0;0;0;0
265;C;BROZOVIC;Inter;0;0;0;0;0;0;0;0;0;0;0;0;0;0
277;A;ICARDI;Inter;0;0;0;0;0;0;0;0;0;0;0;0;0;0
280;A;PALACIO;Bologna;0;0;0;0;0;0;0;0;0;0;0;0;0;0
281;A;PUSCAS;Inter;0;0;0;0;0;0;0;0;0;0;0;0;0;0
282;P;BUFFON;Juventus;0;0;0;0;0;0;0;0;0;0;0;0;0;0
286;D;BONUCCI;Juventus;0;0;0;0;0;0;0;0;0;0;0;0;0;0
288;D;CHIELLINI;Juventus;0;0;0;0;0;0;0;0;0;0;0;0;0;0
294;D;RUGANI;Juventus;0;0;0;0;0;0;0;0;0;0;0;0;0;0
295;D;ASAMOAH;Inter;0;0;0;0;0;0;0;0;0;0;0;0;0;0
299;C;KHEDIRA;Juventus;0;0;0;0;0;0;0;0;0;0;0;0;0;0
305;C;STURARO;Genoa;0;0;0;0;0;0;0;0;0;0;0;0;0;0
306;A;CERRI;Cagliari;0;0;0;0;0;0;0;0;0;0;0;0;0;0
309;A;DYBALA;Juventus;0;0;0;0;0;0;0;0;0;0;0;0;0;0
312;A;MANDZUKIC;Juventus;0;0;0;0;0;0;0;0;0;0;0;0;0;0
315;A;ZAZA;Torino;0;0;0;0;0;0;0;0;0;0;0;0;0;0
316;P;BERISHA E;SPAL;0;0;0;0;0;0;0;0;0;0;0;0;0;0
317;P;GUERRIERI;Lazio;0;0;0;0;0;0;0;0;0;0;0;0;0;0
318;P;MARCHETTI;Genoa;0;0;0;0;0;0;0;0;0;0;0;0;0;0
322;D;DE VRIJ;Inter;0;0;0;0;0;0;0;0;0;0;0;0;0;0
327;D;PATRIC;Lazio;0;0;0;0;0;0;0;0;0;0;0;0;0;0
329;D;RADU;Lazio;0;0;0;0;0;0;0;0;0;0;0;0;0;0
331;C;BIGLIA;Milan;0;0;0;0;0;0;0;0;0;0;0;0;0;0
332;C;CANDREVA;Inter;0;0;0;0;0;0;0;0;0;0;0;0;0;0
333;C;CATALDI;Lazio;0;0;0;0;0;0;0;0;0;0;0;0;0;0
338;C;LULIC;Lazio;0;0;0;0;0;0;0;0;0;0;0;0;0;0
342;C;PAROLO;Lazio;0;0;0;0;0;0;0;0;0;0;0;0;0;0
350;P;DONNARUMMA G;Milan;0;0;0;0;0;0;0;0;0;0;0;0;0;0
357;D;CALABRIA;Milan;0;0;0;0;0;0;0;0;0;0;0;0;0;0
358;D;DE SCIGLIO;Juventus;0;0;0;0;0;0;0;0;0;0;0;0;0;0
365;D;ZAPATA C;Genoa;0;0;0;0;0;0;0;0;0;0;0;0;0;0
367;C;BONAVENTURA;Milan;0;0;0;0;0;0;0;0;0;0;0;0;0;0
374;C;POLI;Bologna;0;0;0;0;0;0;0;0;0;0;0;0;0;0
375;C;SUSO;Milan;0;0;0;0;0;0;0;0;0;0;0;0;0;0
376;C;VERDI;Napoli;0;0;0;0;0;0;0;0;0;0;0;0;0;0
380;A;MATRI;Sassuolo;0;0;0;0;0;0;0;0;0;0;0;0;0;0
383;A;PETAGNA;SPAL;0;0;0;0;0;0;0;0;0;0;0;0;0;0
385;P;GABRIEL;Lecce;0;0;0;0;0;0;0;0;0;0;0;0;0;0
386;P;RAFAEL CABRAL;Sampdoria;0;0;0;0;0;0;0;0;0;0;0;0;0;0
387;P;REINA;Milan;0;0;0;0;0;0;0;0;0;0;0;0;0;0
390;D;GHOULAM;Napoli;0;0;0;0;0;0;0;0;0;0;0;0;0;0
392;D;KOULIBALY;Napoli;0;0;0;0;0;0;0;0;0;0;0;0;0;0
393;D;LUPERTO;Napoli;0;0;0;0;0;0;0;0;0;0;0;0;0;0
395;D;STRINIC;Milan;0;0;0;0;0;0;0;0;0;0;0;0;0;0
397;C;ALLAN;Napoli;0;0;0;0;0;0;0;0;0;0;0;0;0;0
405;C;VALDIFIORI;SPAL;0;0;0;0;0;0;0;0;0;0;0;0;0;0
406;C;CALLEJON;Napoli;0;0;0;0;0;0;0;0;0;0;0;0;0;0
407;A;GABBIADINI;Sampdoria;0;0;0;0;0;0;0;0;0;0;0;0;0;0
408;A;HIGUAIN;Juventus;0;0;0;0;0;0;0;0;0;0;0;0;0;0
409;A;INSIGNE;Napoli;0;0;0;0;0;0;0;0;0;0;0;0;0;0
410;A;MERTENS;Napoli;0;0;0;0;0;0;0;0;0;0;0;0;0;0
412;P;COLOMBI;Parma;0;0;0;0;0;0;0;0;0;0;0;0;0;0
418;D;GOLDANIGA;Sassuolo;0;0;0;0;0;0;0;0;0;0;0;0;0;0
423;D;RISPOLI;Lecce;0;0;0;0;0;0;0;0;0;0;0;0;0;0
430;C;BRUGMAN;Parma;0;0;0;0;0;0;0;0;0;0;0;0;0;0
433;C;HILJEMARK;Genoa;0;0;0;0;0;0;0;0;0;0;0;0;0;0
434;C;JAJALO;Udinese;0;0;0;0;0;0;0;0;0;0;0;0;0;0
438;C;RIGONI L;Parma;0;0;0;0;0;0;0;0;0;0;0;0;0;0
441;A;BELOTTI;Torino;0;0;0;0;0;0;0;0;0;0;0;0;0;0
453;P;SZCZESNY;Juventus;0;0;0;0;0;0;0;0;0;0;0;0;0;0
454;D;CAPRADOSSI;Roma;0;0;0;0;0;0;0;0;0;0;0;0;0;0
457;D;CRESCENZI;Verona;0;0;0;0;0;0;0;0;0;0;0;0;0;0
459;D;MANOLAS;Napoli;0;0;0;0;0;0;0;0;0;0;0;0;0;0
460;D;ROMAGNOLI A;Milan;0;0;0;0;0;0;0;0;0;0;0;0;0;0
464;D;FLORENZI;Roma;0;0;0;0;0;0;0;0;0;0;0;0;0;0
467;C;NAINGGOLAN;Cagliari;0;0;0;0;0;0;0;0;0;0;0;0;0;0
469;C;PJANIC;Juventus;0;0;0;0;0;0;0;0;0;0;0;0;0;0
472;A;DESTRO;Bologna;0;0;0;0;0;0;0;0;0;0;0;0;0;0
474;A;GERVINHO;Parma;0;0;0;0;0;0;0;0;0;0;0;0;0;0
475;A;IAGO FALQUE;Torino;0;0;0;0;0;0;0;0;0;0;0;0;0;0
479;A;SANABRIA;Genoa;0;0;0;0;0;0;0;0;0;0;0;0;0;0
487;D;DE SILVESTRI;Torino;0;0;0;0;0;0;0;0;0;0;0;0;0;0
490;D;REGINI;Sampdoria;0;0;0;0;0;0;0;0;0;0;0;0;0;0
491;D;SALAMON;SPAL;0;0;0;0;0;0;0;0;0;0;0;0;0;0
493;D;ZUKANOVIC;Genoa;0;0;0;0;0;0;0;0;0;0;0;0;0;0
494;C;BARRETO;Sampdoria;0;0;0;0;0;0;0;0;0;0;0;0;0;0
495;A;CORREA;Lazio;0;0;0;0;0;0;0;0;0;0;0;0;0;0
505;A;BONAZZOLI;Sampdoria;0;0;0;0;0;0;0;0;0;0;0;0;0;0
507;A;MURIEL;Atalanta;0;0;0;0;0;0;0;0;0;0;0;0;0;0
509;P;CONSIGLI;Sassuolo;0;0;0;0;0;0;0;0;0;0;0;0;0;0
510;P;PEGOLO;Sassuolo;0;0;0;0;0;0;0;0;0;0;0;0;0;0
513;D;ACERBI;Lazio;0;0;0;0;0;0;0;0;0;0;0;0;0;0
517;D;DELL'ORCO;Lecce;0;0;0;0;0;0;0;0;0;0;0;0;0;0
519;D;GAZZOLA;Parma;0;0;0;0;0;0;0;0;0;0;0;0;0;0
521;D;PELUSO;Sassuolo;0;0;0;0;0;0;0;0;0;0;0;0;0;0
526;C;DUNCAN;Sassuolo;0;0;0;0;0;0;0;0;0;0;0;0;0;0
528;C;MAGNANELLI;Sassuolo;0;0;0;0;0;0;0;0;0;0;0;0;0;0
529;C;MISSIROLI;SPAL;0;0;0;0;0;0;0;0;0;0;0;0;0;0
530;C;PELLEGRINI LO;Roma;0;0;0;0;0;0;0;0;0;0;0;0;0;0
531;A;BERARDI;Sassuolo;0;0;0;0;0;0;0;0;0;0;0;0;0;0
532;A;FALCINELLI;Bologna;0;0;0;0;0;0;0;0;0;0;0;0;0;0
533;A;FLOCCARI;SPAL;0;0;0;0;0;0;0;0;0;0;0;0;0;0
536;A;POLITANO;Inter;0;0;0;0;0;0;0;0;0;0;0;0;0;0
537;A;SANSONE N;Bologna;0;0;0;0;0;0;0;0;0;0;0;0;0;0
540;P;GOMIS A;SPAL;0;0;0;0;0;0;0;0;0;0;0;0;0;0
543;P;PADELLI;Inter;0;0;0;0;0;0;0;0;0;0;0;0;0;0
550;D;MAKSIMOVIC;Napoli;0;0;0;0;0;0;0;0;0;0;0;0;0;0
554;D;ZAPPACOSTA;Roma;0;0;0;0;0;0;0;0;0;0;0;0;0;0
556;C;BASELLI;Torino;0;0;0;0;0;0;0;0;0;0;0;0;0;0
557;C;BENASSI;Fiorentina;0;0;0;0;0;0;0;0;0;0;0;0;0;0
568;A;QUAGLIARELLA;Sampdoria;0;0;0;0;0;0;0;0;0;0;0;0;0;0
570;P;KARNEZIS;Napoli;0;0;0;0;0;0;0;0;0;0;0;0;0;0
572;P;MERET;Napoli;0;0;0;0;0;0;0;0;0;0;0;0;0;0
574;P;SCUFFET;Udinese;0;0;0;0;0;0;0;0;0;0;0;0;0;0
578;D;DANILO LAR;Bologna;0;0;0;0;0;0;0;0;0;0;0;0;0;0
581;D;FARAONI;Verona;0;0;0;0;0;0;0;0;0;0;0;0;0;0
589;C;BADU;Verona;0;0;0;0;0;0;0;0;0;0;0;0;0;0
600;C;VERRE;Verona;0;0;0;0;0;0;0;0;0;0;0;0;0;0
605;A;PERICA;Udinese;0;0;0;0;0;0;0;0;0;0;0;0;0;0
606;A;THEREAU;Fiorentina;0;0;0;0;0;0;0;0;0;0;0;0;0;0
608;A;ZAPATA D;Atalanta;0;0;0;0;0;0;0;0;0;0;0;0;0;0
610;P;GOLLINI;Atalanta;0;0;0;0;0;0;0;0;0;0;0;0;0;0
611;P;RAFAEL;Cagliari;0;0;0;0;0;0;0;0;0;0;0;0;0;0
621;C;ROMULO;Genoa;0;0;0;0;0;0;0;0;0;0;0;0;0;0
627;C;IONITA;Cagliari;0;0;0;0;0;0;0;0;0;0;0;0;0;0
630;D;SALA;Sampdoria;0;0;0;0;0;0;0;0;0;0;0;0;0;0
631;C;VIVIANI;SPAL;0;0;0;0;0;0;0;0;0;0;0;0;0;0
632;C;ZACCAGNI;Verona;0;0;0;0;0;0;0;0;0;0;0;0;0;0
633;C;FARES;SPAL;0;0;0;0;0;0;0;0;0;0;0;0;0;0
636;A;PAZZINI;Verona;0;0;0;0;0;0;0;0;0;0;0;0;0;0
637;A;SILIGARDI;Parma;0;0;0;0;0;0;0;0;0;0;0;0;0;0
640;D;CHIRICHES;Napoli;0;0;0;0;0;0;0;0;0;0;0;0;0;0
643;A;DEFREL;Roma;0;0;0;0;0;0;0;0;0;0;0;0;0;0
644;C;PULGAR;Fiorentina;0;0;0;0;0;0;0;0;0;0;0;0;0;0
645;C;MILINKOVIC-SAVIC;Lazio;0;0;0;0;0;0;0;0;0;0;0;0;0;0
647;A;DZEKO;Roma;0;0;0;0;0;0;0;0;0;0;0;0;0;0
654;P;ALASTRA;Parma;0;0;0;0;0;0;0;0;0;0;0;0;0;0
658;A;FALCO;Lecce;0;0;0;0;0;0;0;0;0;0;0;0;0;0
661;C;INIGUEZ;Udinese;0;0;0;0;0;0;0;0;0;0;0;0;0;0
662;D;ALEX SANDRO;Juventus;0;0;0;0;0;0;0;0;0;0;0;0;0;0
666;C;MACHIN;Parma;0;0;0;0;0;0;0;0;0;0;0;0;0;0
669;C;DONSAH;Bologna;0;0;0;0;0;0;0;0;0;0;0;0;0;0
673;P;PERISAN;Udinese;0;0;0;0;0;0;0;0;0;0;0;0;0;0
694;A;BAEZ;Fiorentina;0;0;0;0;0;0;0;0;0;0;0;0;0;0
695;D;TOLOI;Atalanta;0;0;0;0;0;0;0;0;0;0;0;0;0;0
696;A;BALOTELLI;Brescia;0;0;0;0;0;0;0;0;0;0;0;0;0;0
697;C;CUADRADO;Juventus;0;0;0;0;0;0;0;0;0;0;0;0;0;0
704;C;PERISIC;Inter;0;0;0;0;0;0;0;0;0;0;0;0;0;0
706;C;ANSALDI;Torino;0;0;0;0;0;0;0;0;0;0;0;0;0;0
708;D;FELIPE;SPAL;0;0;0;0;0;0;0;0;0;0;0;0;0;0
713;C;DZEMAILI;Bologna;0;0;0;0;0;0;0;0;0;0;0;0;0;0
756;A;ASENCIO;Genoa;0;0;0;0;0;0;0;0;0;0;0;0;0;0
761;P;AUDERO;Sampdoria;0;0;0;0;0;0;0;0;0;0;0;0;0;0
767;A;TUPTA;Verona;0;0;0;0;0;0;0;0;0;0;0;0;0;0
770;D;PEZZELLA GIU;Udinese;0;0;0;0;0;0;0;0;0;0;0;0;0;0
771;A;BOATENG;Fiorentina;0;0;0;0;0;0;0;0;0;0;0;0;0;0
779;C;CRISTANTE;Roma;0;0;0;0;0;0;0;0;0;0;0;0;0;0
780;D;CIONEK;SPAL;0;0;0;0;0;0;0;0;0;0;0;0;0;0
785;A;IMMOBILE;Lazio;0;0;0;0;0;0;0;0;0;0;0;0;0;0
787;D;DJIMSITI;Atalanta;0;0;0;0;0;0;0;0;0;0;0;0;0;0
788;C;FREULER;Atalanta;0;0;0;0;0;0;0;0;0;0;0;0;0;0
790;D;SAMIR;Udinese;0;0;0;0;0;0;0;0;0;0;0;0;0;0
791;D;SABELLI;Brescia;0;0;0;0;0;0;0;0;0;0;0;0;0;0
798;D;SKRINIAR;Inter;0;0;0;0;0;0;0;0;0;0;0;0;0;0
801;C;GAGLIARDINI;Inter;0;0;0;0;0;0;0;0;0;0;0;0;0;0
805;D;FIAMOZZI;Lecce;0;0;0;0;0;0;0;0;0;0;0;0;0;0
813;C;BALIC;Udinese;0;0;0;0;0;0;0;0;0;0;0;0;0;0
819;A;FAVILLI;Genoa;0;0;0;0;0;0;0;0;0;0;0;0;0;0
824;D;ADJAPONG;Verona;0;0;0;0;0;0;0;0;0;0;0;0;0;0
827;C;LOCATELLI M;Sassuolo;0;0;0;0;0;0;0;0;0;0;0;0;0;0
1839;A;EDERA;Torino;0;0;0;0;0;0;0;0;0;0;0;0;0;0
1843;P;RADU I;Genoa;0;0;0;0;0;0;0;0;0;0;0;0;0;0
1847;D;CALDARA;Milan;0;0;0;0;0;0;0;0;0;0;0;0;0;0
1850;C;KESSIE';Milan;0;0;0;0;0;0;0;0;0;0;0;0;0;0
1852;D;SPINAZZOLA;Roma;0;0;0;0;0;0;0;0;0;0;0;0;0;0
1857;C;DI FRANCESCO F;SPAL;0;0;0;0;0;0;0;0;0;0;0;0;0;0
1858;C;KREJCI;Bologna;0;0;0;0;0;0;0;0;0;0;0;0;0;0
1859;C;NAGY;Bologna;0;0;0;0;0;0;0;0;0;0;0;0;0;0
1864;D;BRUNO ALVES;Parma;0;0;0;0;0;0;0;0;0;0;0;0;0;0
1866;D;CEPPITELLI;Cagliari;0;0;0;0;0;0;0;0;0;0;0;0;0;0
1868;D;MURRU;Sampdoria;0;0;0;0;0;0;0;0;0;0;0;0;0;0
1869;D;PISACANE;Cagliari;0;0;0;0;0;0;0;0;0;0;0;0;0;0
1870;C;BARELLA;Inter;0;0;0;0;0;0;0;0;0;0;0;0;0;0
1871;C;DEIOLA;Cagliari;0;0;0;0;0;0;0;0;0;0;0;0;0;0
1872;C;DESSENA;Brescia;0;0;0;0;0;0;0;0;0;0;0;0;0;0
1874;A;JOAO PEDRO;Cagliari;0;0;0;0;0;0;0;0;0;0;0;0;0;0
1875;C;MUNARI;Parma;0;0;0;0;0;0;0;0;0;0;0;0;0;0
1876;D;PAJAC;Genoa;0;0;0;0;0;0;0;0;0;0;0;0;0;0
1879;A;FARIAS;Lecce;0;0;0;0;0;0;0;0;0;0;0;0;0;0
1891;D;CECCHERINI;Fiorentina;0;0;0;0;0;0;0;0;0;0;0;0;0;0
1895;D;FERRARI G;Sassuolo;0;0;0;0;0;0;0;0;0;0;0;0;0;0
1896;D;MARTELLA;Brescia;0;0;0;0;0;0;0;0;0;0;0;0;0;0
1917;P;DRAGOWSKI;Fiorentina;0;0;0;0;0;0;0;0;0;0;0;0;0;0
1930;P;PINSOGLIO;Juventus;0;0;0;0;0;0;0;0;0;0;0;0;0;0
1933;C;MANDRAGORA;Udinese;0;0;0;0;0;0;0;0;0;0;0;0;0;0
1934;P;STRAKOSHA;Lazio;0;0;0;0;0;0;0;0;0;0;0;0;0;0
1935;P;VARGIC;Lazio;0;0;0;0;0;0;0;0;0;0;0;0;0;0
1936;C;MINALA;Lazio;0;0;0;0;0;0;0;0;0;0;0;0;0;0
1939;A;LAPADULA;Lecce;0;0;0;0;0;0;0;0;0;0;0;0;0;0
1943;A;NESTOROVSKI;Udinese;0;0;0;0;0;0;0;0;0;0;0;0;0;0
1946;P;ARESTI;Cagliari;0;0;0;0;0;0;0;0;0;0;0;0;0;0
1958;A;CAPRARI;Sampdoria;0;0;0;0;0;0;0;0;0;0;0;0;0;0
1974;A;SCHICK;Roma;0;0;0;0;0;0;0;0;0;0;0;0;0;0
1976;C;MAZZITELLI;Sassuolo;0;0;0;0;0;0;0;0;0;0;0;0;0;0
1978;C;SENSI;Inter;0;0;0;0;0;0;0;0;0;0;0;0;0;0
1979;D;BARRECA;Genoa;0;0;0;0;0;0;0;0;0;0;0;0;0;0
1981;A;BOYE';Torino;0;0;0;0;0;0;0;0;0;0;0;0;0;0
1982;C;PARIGINI;Torino;0;0;0;0;0;0;0;0;0;0;0;0;0;0
1984;D;ANGELLA;Udinese;0;0;0;0;0;0;0;0;0;0;0;0;0;0
1986;C;FOFANA;Udinese;0;0;0;0;0;0;0;0;0;0;0;0;0;0
1987;C;JANKTO;Sampdoria;0;0;0;0;0;0;0;0;0;0;0;0;0;0
1995;C;DJURICIC;Sassuolo;0;0;0;0;0;0;0;0;0;0;0;0;0;0
1996;C;DE PAUL;Udinese;0;0;0;0;0;0;0;0;0;0;0;0;0;0
1998;A;PJACA;Juventus;0;0;0;0;0;0;0;0;0;0;0;0;0;0
1999;D;LUKAKU J;Lazio;0;0;0;0;0;0;0;0;0;0;0;0;0;0
2002;C;CHIESA;Fiorentina;0;0;0;0;0;0;0;0;0;0;0;0;0;0
2003;C;MURGIA;SPAL;0;0;0;0;0;0;0;0;0;0;0;0;0;0
2006;D;LIROLA;Fiorentina;0;0;0;0;0;0;0;0;0;0;0;0;0;0
2007;D;WALLACE;Lazio;0;0;0;0;0;0;0;0;0;0;0;0;0;0
2008;C;LINETTY;Sampdoria;0;0;0;0;0;0;0;0;0;0;0;0;0;0
2009;C;LUKIC;Torino;0;0;0;0;0;0;0;0;0;0;0;0;0;0
2011;C;MIGUEL VELOSO;Verona;0;0;0;0;0;0;0;0;0;0;0;0;0;0
2012;A;MILIK;Napoli;0;0;0;0;0;0;0;0;0;0;0;0;0;0
2016;D;FAZIO;Roma;0;0;0;0;0;0;0;0;0;0;0;0;0;0
2038;A;PINAMONTI;Genoa;0;0;0;0;0;0;0;0;0;0;0;0;0;0
2048;A;LO FASO;Lecce;0;0;0;0;0;0;0;0;0;0;0;0;0;0
2057;C;GUSTAFSON;Torino;0;0;0;0;0;0;0;0;0;0;0;0;0;0
2061;A;SIMEONE;Fiorentina;0;0;0;0;0;0;0;0;0;0;0;0;0;0
2062;D;BASTOS;Lazio;0;0;0;0;0;0;0;0;0;0;0;0;0;0
2065;C;PRAET;Sampdoria;0;0;0;0;0;0;0;0;0;0;0;0;0;0
2070;A;PETTINARI;Lecce;0;0;0;0;0;0;0;0;0;0;0;0;0;0
2073;A;RAGUSA;Verona;0;0;0;0;0;0;0;0;0;0;0;0;0;0
2075;C;CRISTOFORO;Fiorentina;0;0;0;0;0;0;0;0;0;0;0;0;0;0
2076;C;ROG;Cagliari;0;0;0;0;0;0;0;0;0;0;0;0;0;0
2077;C;PASALIC;Atalanta;0;0;0;0;0;0;0;0;0;0;0;0;0;0
2078;C;JOAO MARIO;Inter;0;0;0;0;0;0;0;0;0;0;0;0;0;0
2083;D;BIRASCHI;Genoa;0;0;0;0;0;0;0;0;0;0;0;0;0;0
2085;C;LUIS ALBERTO;Lazio;0;0;0;0;0;0;0;0;0;0;0;0;0;0
2091;P;PLIZZARI;Milan;0;0;0;0;0;0;0;0;0;0;0;0;0;0
2096;P;CUCCHIETTI;Torino;0;0;0;0;0;0;0;0;0;0;0;0;0;0
2097;A;KEAN;Juventus;0;0;0;0;0;0;0;0;0;0;0;0;0;0
2104;D;BERESZYNSKI;Sampdoria;0;0;0;0;0;0;0;0;0;0;0;0;0;0
2106;C;MOROSINI;Brescia;0;0;0;0;0;0;0;0;0;0;0;0;0;0
2116;C;FARAGO';Cagliari;0;0;0;0;0;0;0;0;0;0;0;0;0;0
2120;D;BASTONI;Inter;0;0;0;0;0;0;0;0;0;0;0;0;0;0
2127;P;SATALINO;Sassuolo;0;0;0;0;0;0;0;0;0;0;0;0;0;0
2129;D;SIMIC L;Sampdoria;0;0;0;0;0;0;0;0;0;0;0;0;0;0
2130;D;HATEBOER;Atalanta;0;0;0;0;0;0;0;0;0;0;0;0;0;0
2134;P;FALCONE;Sampdoria;0;0;0;0;0;0;0;0;0;0;0;0;0;0
2141;D;DEPAOLI;Sampdoria;0;0;0;0;0;0;0;0;0;0;0;0;0;0
2144;C;COULIBALY;Udinese;0;0;0;0;0;0;0;0;0;0;0;0;0;0
2146;A;HAN;Cagliari;0;0;0;0;0;0;0;0;0;0;0;0;0;0
2155;A;CUTRONE;Milan;0;0;0;0;0;0;0;0;0;0;0;0;0;0
2157;C;BIANCU;Cagliari;0;0;0;0;0;0;0;0;0;0;0;0;0;0
2160;D;GOSENS;Atalanta;0;0;0;0;0;0;0;0;0;0;0;0;0;0
2161;C;HAAS;Atalanta;0;0;0;0;0;0;0;0;0;0;0;0;0;0
2163;A;CORNELIUS;Parma;0;0;0;0;0;0;0;0;0;0;0;0;0;0
2164;D;MILENKOVIC;Fiorentina;0;0;0;0;0;0;0;0;0;0;0;0;0;0
2165;D;VITOR HUGO;Fiorentina;0;0;0;0;0;0;0;0;0;0;0;0;0;0
2166;C;BENTANCUR;Juventus;0;0;0;0;0;0;0;0;0;0;0;0;0;0
2167;A;ORSOLINI;Bologna;0;0;0;0;0;0;0;0;0;0;0;0;0;0
2168;D;MUSACCHIO;Milan;0;0;0;0;0;0;0;0;0;0;0;0;0;0
2169;D;RODRIGUEZ R;Milan;0;0;0;0;0;0;0;0;0;0;0;0;0;0
2171;D;LYANCO;Torino;0;0;0;0;0;0;0;0;0;0;0;0;0;0
2172;C;BARAK;Udinese;0;0;0;0;0;0;0;0;0;0;0;0;0;0
2173;A;MALLE';Udinese;0;0;0;0;0;0;0;0;0;0;0;0;0;0
2174;D;VENUTI;Fiorentina;0;0;0;0;0;0;0;0;0;0;0;0;0;0
2175;A;ANDRE' SILVA;Milan;0;0;0;0;0;0;0;0;0;0;0;0;0;0
2178;P;CRAGNO;Cagliari;0;0;0;0;0;0;0;0;0;0;0;0;0;0
2179;P;SIRIGU;Torino;0;0;0;0;0;0;0;0;0;0;0;0;0;0
2180;D;KARSDORP;Roma;0;0;0;0;0;0;0;0;0;0;0;0;0;0
2181;D;PALOMINO;Atalanta;0;0;0;0;0;0;0;0;0;0;0;0;0;0
2184;D;GRAVILLON;Sassuolo;0;0;0;0;0;0;0;0;0;0;0;0;0;0
2187;C;BORINI;Milan;0;0;0;0;0;0;0;0;0;0;0;0;0;0
2188;C;MARUSIC;Lazio;0;0;0;0;0;0;0;0;0;0;0;0;0;0
2191;C;INGELSSON;Udinese;0;0;0;0;0;0;0;0;0;0;0;0;0;0
2192;D;BONIFAZI;Torino;0;0;0;0;0;0;0;0;0;0;0;0;0;0
2193;C;GONALONS;Roma;0;0;0;0;0;0;0;0;0;0;0;0;0;0
2194;C;CALHANOGLU;Milan;0;0;0;0;0;0;0;0;0;0;0;0;0;0
2195;A;OUNAS;Napoli;0;0;0;0;0;0;0;0;0;0;0;0;0;0
2197;D;CASTAGNE;Atalanta;0;0;0;0;0;0;0;0;0;0;0;0;0;0
2200;C;DOUGLAS COSTA;Juventus;0;0;0;0;0;0;0;0;0;0;0;0;0;0
2201;C;UNDER;Roma;0;0;0;0;0;0;0;0;0;0;0;0;0;0
2205;C;BERENGUER;Torino;0;0;0;0;0;0;0;0;0;0;0;0;0;0
2208;D;JAROSZYNSKI;Genoa;0;0;0;0;0;0;0;0;0;0;0;0;0;0
2209;C;LUCAS LEIVA;Lazio;0;0;0;0;0;0;0;0;0;0;0;0;0;0
2210;C;FALLETTI;Bologna;0;0;0;0;0;0;0;0;0;0;0;0;0;0
2211;P;SILVESTRI;Verona;0;0;0;0;0;0;0;0;0;0;0;0;0;0
2212;D;VAISANEN;SPAL;0;0;0;0;0;0;0;0;0;0;0;0;0;0
2213;C;CASSATA;Genoa;0;0;0;0;0;0;0;0;0;0;0;0;0;0
2214;D;KOLAROV;Roma;0;0;0;0;0;0;0;0;0;0;0;0;0;0
2215;C;VERETOUT;Roma;0;0;0;0;0;0;0;0;0;0;0;0;0;0
2241;D;LUCIONI;Lecce;0;0;0;0;0;0;0;0;0;0;0;0;0;0
2243;C;CICIRETTI;Napoli;0;0;0;0;0;0;0;0;0;0;0;0;0;0
2246;A;CERAVOLO;Parma;0;0;0;0;0;0;0;0;0;0;0;0;0;0
2247;A;CISSE' K;Verona;0;0;0;0;0;0;0;0;0;0;0;0;0;0
2261;D;VICARI;SPAL;0;0;0;0;0;0;0;0;0;0;0;0;0;0
2263;C;LAZZARI M;Lazio;0;0;0;0;0;0;0;0;0;0;0;0;0;0
2270;P;ZACCAGNO;Torino;0;0;0;0;0;0;0;0;0;0;0;0;0;0
2271;P;NICOLAS;Udinese;0;0;0;0;0;0;0;0;0;0;0;0;0;0
2274;C;VALOTI;SPAL;0;0;0;0;0;0;0;0;0;0;0;0;0;0
2279;D;ROMAGNA;Cagliari;0;0;0;0;0;0;0;0;0;0;0;0;0;0
2280;D;NUYTINCK;Udinese;0;0;0;0;0;0;0;0;0;0;0;0;0;0
2281;A;VIDO;Atalanta;0;0;0;0;0;0;0;0;0;0;0;0;0;0
2284;A;CAICEDO;Lazio;0;0;0;0;0;0;0;0;0;0;0;0;0;0
2285;D;BANI;Bologna;0;0;0;0;0;0;0;0;0;0;0;0;0;0
2287;C;RAMIREZ;Sampdoria;0;0;0;0;0;0;0;0;0;0;0;0;0;0
2288;D;N'KOULOU;Torino;0;0;0;0;0;0;0;0;0;0;0;0;0;0
2289;D;DALBERT;Inter;0;0;0;0;0;0;0;0;0;0;0;0;0;0
2290;C;EYSSERIC;Fiorentina;0;0;0;0;0;0;0;0;0;0;0;0;0;0
2291;C;RODRIGUEZ T;Genoa;0;0;0;0;0;0;0;0;0;0;0;0;0;0
2294;P;CEROFOLINI;Fiorentina;0;0;0;0;0;0;0;0;0;0;0;0;0;0
2296;D;MANCINI G;Roma;0;0;0;0;0;0;0;0;0;0;0;0;0;0
2297;P;ROSSI F;Atalanta;0;0;0;0;0;0;0;0;0;0;0;0;0;0
2304;A;SALCEDO E;Inter;0;0;0;0;0;0;0;0;0;0;0;0;0;0
2306;C;MATUIDI;Juventus;0;0;0;0;0;0;0;0;0;0;0;0;0;0
2309;D;PEZZELLA GER;Fiorentina;0;0;0;0;0;0;0;0;0;0;0;0;0;0
2310;D;CANCELO;Juventus;0;0;0;0;0;0;0;0;0;0;0;0;0;0
2312;D;HRISTOV;Fiorentina;0;0;0;0;0;0;0;0;0;0;0;0;0;0
2314;C;BRLEK;Genoa;0;0;0;0;0;0;0;0;0;0;0;0;0;0
2315;D;STRYGER LARSEN;Udinese;0;0;0;0;0;0;0;0;0;0;0;0;0;0
2317;A;BRIGNOLA;Sassuolo;0;0;0;0;0;0;0;0;0;0;0;0;0;0
2318;D;ROGERIO;Sassuolo;0;0;0;0;0;0;0;0;0;0;0;0;0;0
2324;A;LEE;Verona;0;0;0;0;0;0;0;0;0;0;0;0;0;0
2325;A;KARAMOH;Parma;0;0;0;0;0;0;0;0;0;0;0;0;0;0
2332;C;BRUNO JORDAO;Lazio;0;0;0;0;0;0;0;0;0;0;0;0;0;0
2333;A;PEDRO NETO;Lazio;0;0;0;0;0;0;0;0;0;0;0;0;0;0
2334;C;LERIS;Sampdoria;0;0;0;0;0;0;0;0;0;0;0;0;0;0
2335;D;LUIZ FELIPE;Lazio;0;0;0;0;0;0;0;0;0;0;0;0;0;0
2355;D;MARLON;Sassuolo;0;0;0;0;0;0;0;0;0;0;0;0;0;0
2378;C;PASTORE;Roma;0;0;0;0;0;0;0;0;0;0;0;0;0;0
2379;C;RABIOT;Juventus;0;0;0;0;0;0;0;0;0;0;0;0;0;0
2391;C;EKDAL;Sampdoria;0;0;0;0;0;0;0;0;0;0;0;0;0;0
2392;C;WALACE;Udinese;0;0;0;0;0;0;0;0;0;0;0;0;0;0
2409;C;RIBERY;Fiorentina;0;0;0;0;0;0;0;0;0;0;0;0;0;0
2468;P;OSPINA;Napoli;0;0;0;0;0;0;0;0;0;0;0;0;0;0
2472;C;RAMSEY;Juventus;0;0;0;0;0;0;0;0;0;0;0;0;0;0
2504;C;CAN ;Juventus;0;0;0;0;0;0;0;0;0;0;0;0;0;0
2531;A;LUKAKU R;Inter;0;0;0;0;0;0;0;0;0;0;0;0;0;0
2572;D;GODIN;Inter;0;0;0;0;0;0;0;0;0;0;0;0;0;0
2610;A;CRISTIANO RONALDO;Juventus;0;0;0;0;0;0;0;0;0;0;0;0;0;0
2617;C;NZONZI;Roma;0;0;0;0;0;0;0;0;0;0;0;0;0;0
2625;C;SORIANO;Bologna;0;0;0;0;0;0;0;0;0;0;0;0;0;0
2642;C;CALVANO;Verona;0;0;0;0;0;0;0;0;0;0;0;0;0;0
2646;C;SANDRO;Genoa;0;0;0;0;0;0;0;0;0;0;0;0;0;0
2648;C;MACHACH;Napoli;0;0;0;0;0;0;0;0;0;0;0;0;0;0
2653;D;LYKOGIANNIS;Cagliari;0;0;0;0;0;0;0;0;0;0;0;0;0;0
2657;A;ANTONUCCI;Roma;0;0;0;0;0;0;0;0;0;0;0;0;0;0
2659;C;DABO;Fiorentina;0;0;0;0;0;0;0;0;0;0;0;0;0;0
2664;D;EL YAMIQ;Genoa;0;0;0;0;0;0;0;0;0;0;0;0;0;0
2692;C;CASTILLEJO;Milan;0;0;0;0;0;0;0;0;0;0;0;0;0;0
2719;A;BARROW;Atalanta;0;0;0;0;0;0;0;0;0;0;0;0;0;0
2724;D;BUONGIORNO;Torino;0;0;0;0;0;0;0;0;0;0;0;0;0;0
2726;C;DANZI;Verona;0;0;0;0;0;0;0;0;0;0;0;0;0;0
2728;D;PELLEGRINI LU;Cagliari;0;0;0;0;0;0;0;0;0;0;0;0;0;0
2732;A;STIJEPOVIC;Sampdoria;0;0;0;0;0;0;0;0;0;0;0;0;0;0
2739;D;RECA;Atalanta;0;0;0;0;0;0;0;0;0;0;0;0;0;0
2740;D;VARNIER;Atalanta;0;0;0;0;0;0;0;0;0;0;0;0;0;0
2741;C;PESSINA;Atalanta;0;0;0;0;0;0;0;0;0;0;0;0;0;0
2742;C;VALZANIA;Atalanta;0;0;0;0;0;0;0;0;0;0;0;0;0;0
2743;A;SANTANDER;Bologna;0;0;0;0;0;0;0;0;0;0;0;0;0;0
2744;C;SVANBERG;Bologna;0;0;0;0;0;0;0;0;0;0;0;0;0;0
2745;D;CALABRESI;Bologna;0;0;0;0;0;0;0;0;0;0;0;0;0;0
2746;D;DIJKS;Bologna;0;0;0;0;0;0;0;0;0;0;0;0;0;0
2747;D;PAZ;Bologna;0;0;0;0;0;0;0;0;0;0;0;0;0;0
2752;D;RASMUSSEN;Fiorentina;0;0;0;0;0;0;0;0;0;0;0;0;0;0
2754;D;HANCKO;Fiorentina;0;0;0;0;0;0;0;0;0;0;0;0;0;0
2756;A;PIATEK;Milan;0;0;0;0;0;0;0;0;0;0;0;0;0;0
2758;D;GUNTER;Verona;0;0;0;0;0;0;0;0;0;0;0;0;0;0
2759;D;CRISCITO;Genoa;0;0;0;0;0;0;0;0;0;0;0;0;0;0
2760;C;CALLEGARI;Genoa;0;0;0;0;0;0;0;0;0;0;0;0;0;0
2761;P;VODISEK;Genoa;0;0;0;0;0;0;0;0;0;0;0;0;0;0
2762;A;KOUAME';Genoa;0;0;0;0;0;0;0;0;0;0;0;0;0;0
2764;A;MARTINEZ L;Inter;0;0;0;0;0;0;0;0;0;0;0;0;0;0
2766;C;ZANIOLO;Roma;0;0;0;0;0;0;0;0;0;0;0;0;0;0
2769;D;MAGNANI;Brescia;0;0;0;0;0;0;0;0;0;0;0;0;0;0
2770;P;PROTO;Lazio;0;0;0;0;0;0;0;0;0;0;0;0;0;0
2771;C;BERISHA V;Lazio;0;0;0;0;0;0;0;0;0;0;0;0;0;0
2772;D;DURMISI;Lazio;0;0;0;0;0;0;0;0;0;0;0;0;0;0
2773;A;SPROCATI;Parma;0;0;0;0;0;0;0;0;0;0;0;0;0;0
2775;C;RUIZ;Napoli;0;0;0;0;0;0;0;0;0;0;0;0;0;0
2776;C;YOUNES;Napoli;0;0;0;0;0;0;0;0;0;0;0;0;0;0
2779;C;KLUIVERT;Roma;0;0;0;0;0;0;0;0;0;0;0;0;0;0
2780;C;CORIC;Roma;0;0;0;0;0;0;0;0;0;0;0;0;0;0
2781;P;FUZATO;Roma;0;0;0;0;0;0;0;0;0;0;0;0;0;0
2783;D;BIANDA;Roma;0;0;0;0;0;0;0;0;0;0;0;0;0;0
2784;D;COLLEY;Sampdoria;0;0;0;0;0;0;0;0;0;0;0;0;0;0
2787;D;DICKMANN;SPAL;0;0;0;0;0;0;0;0;0;0;0;0;0;0
2788;D;BREMER;Torino;0;0;0;0;0;0;0;0;0;0;0;0;0;0
2789;C;MEITE';Torino;0;0;0;0;0;0;0;0;0;0;0;0;0;0
2790;P;ROSATI;Torino;0;0;0;0;0;0;0;0;0;0;0;0;0;0
2792;P;MUSSO;Udinese;0;0;0;0;0;0;0;0;0;0;0;0;0;0
2793;D;OPOKU;Udinese;0;0;0;0;0;0;0;0;0;0;0;0;0;0
2794;A;MICIN;Udinese;0;0;0;0;0;0;0;0;0;0;0;0;0;0
2795;D;TER AVEST;Udinese;0;0;0;0;0;0;0;0;0;0;0;0;0;0
2798;P;DINI;Parma;0;0;0;0;0;0;0;0;0;0;0;0;0;0
2801;D;IACOPONI;Parma;0;0;0;0;0;0;0;0;0;0;0;0;0;0
2802;C;BARILLA';Parma;0;0;0;0;0;0;0;0;0;0;0;0;0;0
2804;C;SCOZZARELLA;Parma;0;0;0;0;0;0;0;0;0;0;0;0;0;0
2805;A;BARAYE;Parma;0;0;0;0;0;0;0;0;0;0;0;0;0;0
2807;A;DA CRUZ;Parma;0;0;0;0;0;0;0;0;0;0;0;0;0;0
2808;A;FREDIANI;Parma;0;0;0;0;0;0;0;0;0;0;0;0;0;0
2809;P;VIGORITO;Lecce;0;0;0;0;0;0;0;0;0;0;0;0;0;0
2815;P;TERRACCIANO;Fiorentina;0;0;0;0;0;0;0;0;0;0;0;0;0;0
2816;D;DI LORENZO;Napoli;0;0;0;0;0;0;0;0;0;0;0;0;0;0
2818;C;BENNACER;Milan;0;0;0;0;0;0;0;0;0;0;0;0;0;0
2819;A;CAPUTO;Sassuolo;0;0;0;0;0;0;0;0;0;0;0;0;0;0
2825;C;BOURABIA;Sassuolo;0;0;0;0;0;0;0;0;0;0;0;0;0;0
2826;A;PUSSETTO;Udinese;0;0;0;0;0;0;0;0;0;0;0;0;0;0
2828;C;COLOMBATTO;Cagliari;0;0;0;0;0;0;0;0;0;0;0;0;0;0
2832;A;BOGA;Sassuolo;0;0;0;0;0;0;0;0;0;0;0;0;0;0
2833;C;KULUSEVSKI;Parma;0;0;0;0;0;0;0;0;0;0;0;0;0;0
2835;C;KINGSLEY;Bologna;0;0;0;0;0;0;0;0;0;0;0;0;0;0
2836;P;OLSEN;Roma;0;0;0;0;0;0;0;0;0;0;0;0;0;0
2839;A;SOTTIL;Fiorentina;0;0;0;0;0;0;0;0;0;0;0;0;0;0
2841;A;VLAHOVIC;Fiorentina;0;0;0;0;0;0;0;0;0;0;0;0;0;0
2844;A;COLIDIO;Inter;0;0;0;0;0;0;0;0;0;0;0;0;0;0
2852;C;RICCARDI;Roma;0;0;0;0;0;0;0;0;0;0;0;0;0;0
2853;A;MONCINI;SPAL;0;0;0;0;0;0;0;0;0;0;0;0;0;0
2854;C;BRADARIC;Cagliari;0;0;0;0;0;0;0;0;0;0;0;0;0;0
2855;C;VIEIRA;Sampdoria;0;0;0;0;0;0;0;0;0;0;0;0;0;0
2857;C;TRAORE' HJ;Sassuolo;0;0;0;0;0;0;0;0;0;0;0;0;0;0
2860;D;MALCUIT;Napoli;0;0;0;0;0;0;0;0;0;0;0;0;0;0
2865;D;AINA;Torino;0;0;0;0;0;0;0;0;0;0;0;0;0;0
2869;D;DJIDJI;Torino;0;0;0;0;0;0;0;0;0;0;0;0;0;0
2870;D;TROOST-EKONG;Udinese;0;0;0;0;0;0;0;0;0;0;0;0;0;0
2871;D;KLAVAN;Cagliari;0;0;0;0;0;0;0;0;0;0;0;0;0;0
2873;A;TEODORCZYK;Udinese;0;0;0;0;0;0;0;0;0;0;0;0;0;0
4237;D;DANILO;Juventus;0;0;0;0;0;0;0;0;0;0;0;0;0;0
4292;D;HERNANDEZ T;Milan;0;0;0;0;0;0;0;0;0;0;0;0;0;0
4302;D;SIERRALTA;Udinese;0;0;0;0;0;0;0;0;0;0;0;0;0;0
4307;D;ROMERO C;Genoa;0;0;0;0;0;0;0;0;0;0;0;0;0;0
4322;C;PAQUETA';Milan;0;0;0;0;0;0;0;0;0;0;0;0;0;0
4325;P;JANDREI;Genoa;0;0;0;0;0;0;0;0;0;0;0;0;0;0
4327;C;OLIVA;Cagliari;0;0;0;0;0;0;0;0;0;0;0;0;0;0
4330;C;LERAGER;Genoa;0;0;0;0;0;0;0;0;0;0;0;0;0;0
4331;D;IBANEZ;Atalanta;0;0;0;0;0;0;0;0;0;0;0;0;0;0
4332;D;DEMIRAL;Juventus;0;0;0;0;0;0;0;0;0;0;0;0;0;0
4333;A;DESPODOV;Cagliari;0;0;0;0;0;0;0;0;0;0;0;0;0;0
4338;C;JANKOVIC;SPAL;0;0;0;0;0;0;0;0;0;0;0;0;0;0
4346;A;MILLICO;Torino;0;0;0;0;0;0;0;0;0;0;0;0;0;0
4349;C;NICOLUSSI CAVIGLIA;Juventus;0;0;0;0;0;0;0;0;0;0;0;0;0;0
4351;P;BRANCOLINI;Fiorentina;0;0;0;0;0;0;0;0;0;0;0;0;0;0
4353;C;MONTIEL;Fiorentina;0;0;0;0;0;0;0;0;0;0;0;0;0;0
4359;A;PICCOLI;Atalanta;0;0;0;0;0;0;0;0;0;0;0;0;0;0
4362;C;BELOKO;Fiorentina;0;0;0;0;0;0;0;0;0;0;0;0;0;0
4364;C;GAETANO;Napoli;0;0;0;0;0;0;0;0;0;0;0;0;0;0
4365;D;CORBO;Bologna;0;0;0;0;0;0;0;0;0;0;0;0;0;0
4368;A;JUWARA;Bologna;0;0;0;0;0;0;0;0;0;0;0;0;0;0
4370;C;PORTANOVA;Juventus;0;0;0;0;0;0;0;0;0;0;0;0;0;0
4371;A;RASPADORI;Sassuolo;0;0;0;0;0;0;0;0;0;0;0;0;0;0
4373;D;MATEJU;Brescia;0;0;0;0;0;0;0;0;0;0;0;0;0;0
4374;D;WALUKIEWICZ;Cagliari;0;0;0;0;0;0;0;0;0;0;0;0;0;0
4375;D;TERZIC;Fiorentina;0;0;0;0;0;0;0;0;0;0;0;0;0;0
4376;C;ZURKOWSKI;Fiorentina;0;0;0;0;0;0;0;0;0;0;0;0;0;0
4377;C;CASTROVILLI;Fiorentina;0;0;0;0;0;0;0;0;0;0;0;0;0;0
4378;D;RANIERI L;Fiorentina;0;0;0;0;0;0;0;0;0;0;0;0;0;0
4379;A;GORI G;Fiorentina;0;0;0;0;0;0;0;0;0;0;0;0;0;0
4380;C;BURGIO;Inter;0;0;0;0;0;0;0;0;0;0;0;0;0;0
4381;A;GUMUS;Genoa;0;0;0;0;0;0;0;0;0;0;0;0;0;0
4383;C;ZENNARO;Genoa;0;0;0;0;0;0;0;0;0;0;0;0;0;0
4384;C;JAGIELLO;Genoa;0;0;0;0;0;0;0;0;0;0;0;0;0;0
4385;C;LAZARO;Inter;0;0;0;0;0;0;0;0;0;0;0;0;0;0
4386;D;SALA M;Sassuolo;0;0;0;0;0;0;0;0;0;0;0;0;0;0
4387;A;ADORANTE;Parma;0;0;0;0;0;0;0;0;0;0;0;0;0;0
4388;A;ADEKANYE;Lazio;0;0;0;0;0;0;0;0;0;0;0;0;0;0
4389;C;ANDERSON A;Lazio;0;0;0;0;0;0;0;0;0;0;0;0;0;0
4390;C;ANDERSON D;Lazio;0;0;0;0;0;0;0;0;0;0;0;0;0;0
4391;D;CASASOLA;Lazio;0;0;0;0;0;0;0;0;0;0;0;0;0;0
4392;D;RIZZO N;Genoa;0;0;0;0;0;0;0;0;0;0;0;0;0;0
4393;C;SCHOUTEN;Bologna;0;0;0;0;0;0;0;0;0;0;0;0;0;0
4397;D;VAVRO;Lazio;0;0;0;0;0;0;0;0;0;0;0;0;0;0
4398;D;BENZAR;Lecce;0;0;0;0;0;0;0;0;0;0;0;0;0;0
4399;D;VERA;Lecce;0;0;0;0;0;0;0;0;0;0;0;0;0;0
4400;C;SHAKHOV;Lecce;0;0;0;0;0;0;0;0;0;0;0;0;0;0
4401;D;GABBIA;Milan;0;0;0;0;0;0;0;0;0;0;0;0;0;0
4403;D;CHABOT;Sampdoria;0;0;0;0;0;0;0;0;0;0;0;0;0;0
4404;C;THORSBY;Sampdoria;0;0;0;0;0;0;0;0;0;0;0;0;0;0
4405;C;MARONI;Sampdoria;0;0;0;0;0;0;0;0;0;0;0;0;0;0
4406;D;TRIPALDELLI;Sassuolo;0;0;0;0;0;0;0;0;0;0;0;0;0;0
4407;D;IGOR;SPAL;0;0;0;0;0;0;0;0;0;0;0;0;0;0
4409;D;RRAHMANI;Verona;0;0;0;0;0;0;0;0;0;0;0;0;0;0
4410;P;BORGHETTO;Verona;0;0;0;0;0;0;0;0;0;0;0;0;0;0
4411;C;AGOUME;Inter;0;0;0;0;0;0;0;0;0;0;0;0;0;0
4412;D;RODRIGO BECAO;Udinese;0;0;0;0;0;0;0;0;0;0;0;0;0;0
4413;A;AYE';Brescia;0;0;0;0;0;0;0;0;0;0;0;0;0;0
4414;D;DENSWIL;Bologna;0;0;0;0;0;0;0;0;0;0;0;0;0;0
4415;A;SKOV OLSEN;Bologna;0;0;0;0;0;0;0;0;0;0;0;0;0;0
4419;P;PAU LOPEZ;Roma;0;0;0;0;0;0;0;0;0;0;0;0;0;0
4420;D;BOCCHETTI;Verona;0;0;0;0;0;0;0;0;0;0;0;0;0;0
4421;D;AUGELLO;Sampdoria;0;0;0;0;0;0;0;0;0;0;0;0;0;0
4422;D;TOMIYASU;Bologna;0;0;0;0;0;0;0;0;0;0;0;0;0;0
4423;C;HERNANI;Parma;0;0;0;0;0;0;0;0;0;0;0;0;0;0
4424;C;JONY;Lazio;0;0;0;0;0;0;0;0;0;0;0;0;0;0
4425;P;JORONEN;Brescia;0;0;0;0;0;0;0;0;0;0;0;0;0;0
4426;D;TOLJAN;Sassuolo;0;0;0;0;0;0;0;0;0;0;0;0;0;0
4427;C;MALINOVSKYI;Atalanta;0;0;0;0;0;0;0;0;0;0;0;0;0;0
4428;D;DE LIGT;Juventus;0;0;0;0;0;0;0;0;0;0;0;0;0;0
4429;D;CHANCELLOR;Brescia;0;0;0;0;0;0;0;0;0;0;0;0;0;0
4430;A;CRISTO GONZALEZ;Udinese;0;0;0;0;0;0;0;0;0;0;0;0;0;0
4432;D;OKOLI;Atalanta;0;0;0;0;0;0;0;0;0;0;0;0;0;0
4433;D;ZORTEA;Atalanta;0;0;0;0;0;0;0;0;0;0;0;0;0;0
4435;C;COLLEY E;Atalanta;0;0;0;0;0;0;0;0;0;0;0;0;0;0
4436;A;CAMBIAGHI;Atalanta;0;0;0;0;0;0;0;0;0;0;0;0;0;0
4438;D;CASSANDRO;Bologna;0;0;0;0;0;0;0;0;0;0;0;0;0;0
4440;P;ALFONSO;Brescia;0;0;0;0;0;0;0;0;0;0;0;0;0;0
4441;P;ANDRENACCI;Brescia;0;0;0;0;0;0;0;0;0;0;0;0;0;0
4442;D;CISTANA;Brescia;0;0;0;0;0;0;0;0;0;0;0;0;0;0
4443;D;CURCIO;Brescia;0;0;0;0;0;0;0;0;0;0;0;0;0;0
4444;D;SEMPRINI;Brescia;0;0;0;0;0;0;0;0;0;0;0;0;0;0
4445;C;BISOLI;Brescia;0;0;0;0;0;0;0;0;0;0;0;0;0;0
4447;C;NDOJ;Brescia;0;0;0;0;0;0;0;0;0;0;0;0;0;0
4448;C;SPALEK;Brescia;0;0;0;0;0;0;0;0;0;0;0;0;0;0
4449;C;TONALI;Brescia;0;0;0;0;0;0;0;0;0;0;0;0;0;0
4450;C;TREMOLADA;Brescia;0;0;0;0;0;0;0;0;0;0;0;0;0;0
4451;C;VIVIANI M;Brescia;0;0;0;0;0;0;0;0;0;0;0;0;0;0
4452;A;DONNARUMMA AL;Brescia;0;0;0;0;0;0;0;0;0;0;0;0;0;0
4453;A;TORREGROSSA;Brescia;0;0;0;0;0;0;0;0;0;0;0;0;0;0
4454;D;PINNA;Cagliari;0;0;0;0;0;0;0;0;0;0;0;0;0;0
4455;A;RAGATZU;Cagliari;0;0;0;0;0;0;0;0;0;0;0;0;0;0
4456;C;MELI;Fiorentina;0;0;0;0;0;0;0;0;0;0;0;0;0;0
4458;D;CANDELA;Genoa;0;0;0;0;0;0;0;0;0;0;0;0;0;0
4459;C;ROVELLA;Genoa;0;0;0;0;0;0;0;0;0;0;0;0;0;0
4460;C;SCHAFER;Genoa;0;0;0;0;0;0;0;0;0;0;0;0;0;0
4461;D;ZAPPA;Inter;0;0;0;0;0;0;0;0;0;0;0;0;0;0
4462;C;POMPETTI;Sampdoria;0;0;0;0;0;0;0;0;0;0;0;0;0;0
4463;A;ESPOSITO SE;Inter;0;0;0;0;0;0;0;0;0;0;0;0;0;0
4464;A;MEROLA;Inter;0;0;0;0;0;0;0;0;0;0;0;0;0;0
4465;C;FAGIOLI;Juventus;0;0;0;0;0;0;0;0;0;0;0;0;0;0
4466;A;PETRELLI;Juventus;0;0;0;0;0;0;0;0;0;0;0;0;0;0
4467;D;JORGE SILVA;Lazio;0;0;0;0;0;0;0;0;0;0;0;0;0;0
4468;P;BLEVE;Lecce;0;0;0;0;0;0;0;0;0;0;0;0;0;0
4469;P;MILLI;Lecce;0;0;0;0;0;0;0;0;0;0;0;0;0;0
4470;D;CALDERONI;Lecce;0;0;0;0;0;0;0;0;0;0;0;0;0;0
4471;D;COSENZA;Lecce;0;0;0;0;0;0;0;0;0;0;0;0;0;0
4472;D;MECCARIELLO;Lecce;0;0;0;0;0;0;0;0;0;0;0;0;0;0
4473;D;RICCARDI D;Lecce;0;0;0;0;0;0;0;0;0;0;0;0;0;0
4474;C;HAYE;Lecce;0;0;0;0;0;0;0;0;0;0;0;0;0;0
4475;C;MAJER;Lecce;0;0;0;0;0;0;0;0;0;0;0;0;0;0
4476;C;TABANELLI;Lecce;0;0;0;0;0;0;0;0;0;0;0;0;0;0
4477;A;LA MANTIA;Lecce;0;0;0;0;0;0;0;0;0;0;0;0;0;0
4479;C;ELMAS;Napoli;0;0;0;0;0;0;0;0;0;0;0;0;0;0
4480;D;MINELLI;Parma;0;0;0;0;0;0;0;0;0;0;0;0;0;0
4481;D;BOUAH;Roma;0;0;0;0;0;0;0;0;0;0;0;0;0;0
4483;A;CANGIANO;Bologna;0;0;0;0;0;0;0;0;0;0;0;0;0;0
4484;A;D'ORAZIO;Roma;0;0;0;0;0;0;0;0;0;0;0;0;0;0
4485;P;THIAM D;SPAL;0;0;0;0;0;0;0;0;0;0;0;0;0;0
4486;C;STREFEZZA;SPAL;0;0;0;0;0;0;0;0;0;0;0;0;0;0
4487;D;FERIGRA;Torino;0;0;0;0;0;0;0;0;0;0;0;0;0;0
4488;D;GILLI;Torino;0;0;0;0;0;0;0;0;0;0;0;0;0;0
4489;A;RAUTI;Torino;0;0;0;0;0;0;0;0;0;0;0;0;0;0
4490;C;DE ANGELIS;Torino;0;0;0;0;0;0;0;0;0;0;0;0;0;0
4491;P;BERARDI A;Verona;0;0;0;0;0;0;0;0;0;0;0;0;0;0
4492;D;BALKOVEC;Verona;0;0;0;0;0;0;0;0;0;0;0;0;0;0
4493;D;DAWIDOWICZ;Verona;0;0;0;0;0;0;0;0;0;0;0;0;0;0
4494;D;EMPEREUR;Verona;0;0;0;0;0;0;0;0;0;0;0;0;0;0
4495;D;KUMBULLA;Verona;0;0;0;0;0;0;0;0;0;0;0;0;0;0
4496;D;VITALE L;Verona;0;0;0;0;0;0;0;0;0;0;0;0;0;0
4498;C;HENDERSON L;Verona;0;0;0;0;0;0;0;0;0;0;0;0;0;0
4499;C;LUCAS FELIPPE;Verona;0;0;0;0;0;0;0;0;0;0;0;0;0;0
4500;A;DI CARMINE;Verona;0;0;0;0;0;0;0;0;0;0;0;0;0;0
4501;C;OBIANG;Sassuolo;0;0;0;0;0;0;0;0;0;0;0;0;0;0
4502;D;GALLO;Lecce;0;0;0;0;0;0;0;0;0;0;0;0;0;0
4504;D;MANGRAVITI;Brescia;0;0;0;0;0;0;0;0;0;0;0;0;0;0
4505;A;KOFFI;Fiorentina;0;0;0;0;0;0;0;0;0;0;0;0;0;0
4506;C;LAKTI;Fiorentina;0;0;0;0;0;0;0;0;0;0;0;0;0;0
4507;A;TUTINO;Verona;0;0;0;0;0;0;0;0;0;0;0;0;0;0
4508;A;BAHLOULI;Sampdoria;0;0;0;0;0;0;0;0;0;0;0;0;0;0
4509;D;CIPRIANO;Lazio;0;0;0;0;0;0;0;0;0;0;0;0;0;0
4510;A;RAFAEL LEAO;Milan;0;0;0;0;0;0;0;0;0;0;0;0;0;0
4511;D;DUARTE;Milan;0;0;0;0;0;0;0;0;0;0;0;0;0;0
4512;C;SCHONE;Genoa;0;0;0;0;0;0;0;0;0;0;0;0;0;0
4513;C;ZMRHAL;Brescia;0;0;0;0;0;0;0;0;0;0;0;0;0;0
4514;C;NANDEZ;Cagliari;0;0;0;0;0;0;0;0;0;0;0;0;0;0
4515;C;AGUDELO;Genoa;0;0;0;0;0;0;0;0;0;0;0;0;0;0
4516;D;SKRTEL;Atalanta;0;0;0;0;0;0;0;0;0;0;0;0;0;0
4517;A;LOZANO;Napoli;0;0;0;0;0;0;0;0;0;0;0;0;0;0
4518;P;RUSSO A;Sassuolo;0;0;0;0;0;0;0;0;0;0;0;0;0;0
4519;D;CETIN;Roma;0;0;0;0;0;0;0;0;0;0;0;0;0;0
4520;P;LETICA;SPAL;0;0;0;0;0;0;0;0;0;0;0;0;0;0
4521;D;MULDUR;Sassuolo;0;0;0;0;0;0;0;0;0;0;0;0;0;0
4522;C;AMRABAT;Verona;0;0;0;0;0;0;0;0;0;0;0;0;0;0
4523;P;AVOGADRI;Sampdoria;0;0;0;0;0;0;0;0;0;0;0;0;0;0
4524;C;SEMA;Udinese;0;0;0;0;0;0;0;0;0;0;0;0;0;0